foodId,brandName,productName,petType,imageUrl,purchaseUrl
1,로얄캐닌(Royal Canin),미니 어덜트 건사료 (소형견 성견),DOG,https://marspetcareaprimocdn.petcare.global/b58b1dc8-f69b-401a-9068-b3f600e032af/b58b1dc8-f69b-401a-9068-b3f600e032af_DownloadAsJpg.jpg,https://search.shopping.naver.com/search/all?query=%EB%A1%9C%EC%96%84%EC%BA%90%EB%8B%8C%20%EB%AF%B8%EB%8B%88%20%EC%96%B4%EB%8D%9C%ED%8A%B8%20%EA%B1%B4%EC%82%AC%EB%A3%8C%20%28%EC%86%8C%ED%98%95%EA%B2%AC%20%EC%84%B1%EA%B2%AC%29
2,로얄캐닌(Royal Canin),미디엄 어덜트 건사료 (중형견 성견),DOG,https://marspetcareaprimocdn.petcare.global/737a3a8d-549a-4448-aeb6-b37701520bcb/737a3a8d-549a-4448-aeb6-b37701520bcb_DownloadAsJpg.jpg,https://search.shopping.naver.com/search/all?query=%EB%A1%9C%EC%96%84%EC%BA%90%EB%8B%8C%20%EB%AF%B8%EB%94%94%EC%97%84%20%EC%96%B4%EB%8D%9C%ED%8A%B8%20%EA%B1%B4%EC%82%AC%EB%A3%8C%20%28%EC%A4%91%ED%98%95%EA%B2%AC%20%EC%84%B1%EA%B2%AC%29
3,로얄캐닌(Royal Canin),맥시 어덜트 건사료 (대형견 성견),DOG,https://marspetcareaprimocdn.petcare.global/ca10e0eb-4729-4b6c-a794-b24900095327/ca10e0eb-4729-4b6c-a794-b24900095327_DownloadAsJpg.jpg,https://search.shopping.naver.com/search/all?query=%EB%A1%9C%EC%96%84%EC%BA%90%EB%8B%8C%20%EB%A7%A5%EC%8B%9C%20%EC%96%B4%EB%8D%9C%ED%8A%B8%20%EA%B1%B4%EC%82%AC%EB%A3%8C%20%28%EB%8C%80%ED%98%95%EA%B2%AC%20%EC%84%B1%EA%B2%AC%29
4,로얄캐닌(Royal Canin),미니 인도어 어덜트 건사료 (실내 소형견),DOG,https://marspetcareaprimocdn.petcare.global/88e9a3c2-24f9-4328-b7e9-b3a7002b2517/88e9a3c2-24f9-4328-b7e9-b3a7002b2517_DownloadAsJpg.jpg,https://search.shopping.naver.com/search/all?query=%EB%A1%9C%EC%96%84%EC%BA%90%EB%8B%8C%20%EB%AF%B8%EB%8B%88%20%EC%9D%B8%EB%8F%84%EC%96%B4%20%EC%96%B4%EB%8D%9C%ED%8A%B8%20%EA%B1%B4%EC%82%AC%EB%A3%8C%20%28%EC%8B%A4%EB%82%B4%20%EC%86%8C%ED%98%95%EA%B2%AC%29
5,로얄캐닌(Royal Canin),미니 인도어 시니어 건사료 (실내 소형견 시니어),DOG,https://marspetcareaprimocdn.petcare.global/36847680-40b0-4c9a-95e8-b1ef001b27c1/36847680-40b0-4c9a-95e8-b1ef001b27c1_DownloadAsJpg.jpg,https://search.shopping.naver.com/search/all?query=%EB%A1%9C%EC%96%84%EC%BA%90%EB%8B%8C%20%EB%AF%B8%EB%8B%88%20%EC%9D%B8%EB%8F%84%EC%96%B4%20%EC%8B%9C%EB%8B%88%EC%96%B4%20%EA%B1%B4%EC%82%AC%EB%A3%8C%20%28%EC%8B%A4%EB%82%B4%20%EC%86%8C%ED%98%95%EA%B2%AC%20%EC%8B%9C%EB%8B%88%EC%96%B4%29
6,로얄캐닌(Royal Canin),미니 다이제스티브 케어 건사료 (소형견 소화케어),DOG,https://marspetcareaprimocdn.petcare.global/8904bdbd-514d-4462-8a9f-b2490007f8bd/8904bdbd-514d-4462-8a9f-b2490007f8bd_DownloadAsJpg.jpg,https://search.shopping.naver.com/search/all?query=%EB%A1%9C%EC%96%84%EC%BA%90%EB%8B%8C%20%EB%AF%B8%EB%8B%88%20%EB%8B%A4%EC%9D%B4%EC%A0%9C%EC%8A%A4%ED%8B%B0%EB%B8%8C%20%EC%BC%80%EC%96%B4%20%EA%B1%B4%EC%82%AC%EB%A3%8C%20%28%EC%86%8C%ED%98%95%EA%B2%AC%20%EC%86%8C%ED%99%94%EC%BC%80%EC%96%B4%29
7,로얄캐닌(Royal Canin),더마컴포트 미디엄 건사료 (중형견 피부케어),DOG,https://marspetcareaprimocdn.petcare.global/02cbeafc-e022-4063-8236-b42400f31016/02cbeafc-e022-4063-8236-b42400f31016_DownloadAsJpg.jpg,https://search.shopping.naver.com/search/all?query=%EB%A1%9C%EC%96%84%EC%BA%90%EB%8B%8C%20%EB%8D%94%EB%A7%88%EC%BB%B4%ED%8F%AC%ED%8A%B8%20%EB%AF%B8%EB%94%94%EC%97%84%20%EA%B1%B4%EC%82%AC%EB%A3%8C%20%28%EC%A4%91%ED%98%95%EA%B2%AC%20%ED%94%BC%EB%B6%80%EC%BC%80%EC%96%B4%29
8,로얄캐닌(Royal Canin),말티즈 어덜트 건사료,DOG,https://marspetcareaprimocdn.petcare.global/636f0c13-70b8-4c0d-93a1-b24900075f21/636f0c13-70b8-4c0d-93a1-b24900075f21_DownloadAsJpg.jpg,https://search.shopping.naver.com/search/all?query=%EB%A1%9C%EC%96%84%EC%BA%90%EB%8B%8C%20%EB%A7%90%ED%8B%B0%EC%A6%88%20%EC%96%B4%EB%8D%9C%ED%8A%B8%20%EA%B1%B4%EC%82%AC%EB%A3%8C
9,로얄캐닌(Royal Canin),닥스훈트 어덜트 건사료,DOG,https://marspetcareaprimocdn.petcare.global/c1ea8107-8c73-44e8-a2e1-b3ec009a1951/c1ea8107-8c73-44e8-a2e1-b3ec009a1951_DownloadAsJpg.jpg,https://search.shopping.naver.com/search/all?query=%EB%A1%9C%EC%96%84%EC%BA%90%EB%8B%8C%20%EB%8B%A5%EC%8A%A4%ED%9B%88%ED%8A%B8%20%EC%96%B4%EB%8D%9C%ED%8A%B8%20%EA%B1%B4%EC%82%AC%EB%A3%8C
10,로얄캐닌(Royal Canin),래브라도 리트리버 어덜트 건사료,DOG,https://marspetcareaprimocdn.petcare.global/e783d726-615c-4295-a40c-b24900075f0c/e783d726-615c-4295-a40c-b24900075f0c_DownloadAsJpg.jpg,https://search.shopping.naver.com/search/all?query=%EB%A1%9C%EC%96%84%EC%BA%90%EB%8B%8C%20%EB%9E%98%EB%B8%8C%EB%9D%BC%EB%8F%84%20%EB%A6%AC%ED%8A%B8%EB%A6%AC%EB%B2%84%20%EC%96%B4%EB%8D%9C%ED%8A%B8%20%EA%B1%B4%EC%82%AC%EB%A3%8C
11,로얄캐닌(Royal Canin),시츄 어덜트 건사료,DOG,https://marspetcareaprimocdn.petcare.global/0fbdec32-d976-4e88-96c3-b37701448293/0fbdec32-d976-4e88-96c3-b37701448293_DownloadAsJpg.jpg,https://search.shopping.naver.com/search/all?query=%EB%A1%9C%EC%96%84%EC%BA%90%EB%8B%8C%20%EC%8B%9C%EC%B8%84%20%EC%96%B4%EB%8D%9C%ED%8A%B8%20%EA%B1%B4%EC%82%AC%EB%A3%8C
12,로얄캐닌(Royal Canin),푸들 어덜트 건사료,DOG,https://marspetcareaprimocdn.petcare.global/1fd32d8e-c2fb-4280-bfc1-b24900075f52/1fd32d8e-c2fb-4280-bfc1-b24900075f52_DownloadAsJpg.jpg,https://search.shopping.naver.com/search/all?query=%EB%A1%9C%EC%96%84%EC%BA%90%EB%8B%8C%20%ED%91%B8%EB%93%A4%20%EC%96%B4%EB%8D%9C%ED%8A%B8%20%EA%B1%B4%EC%82%AC%EB%A3%8C
13,로얄캐닌(Royal Canin),미니어처 슈나우저 퍼피 건사료,DOG,https://marspetcareaprimocdn.petcare.global/cfe273dd-ebae-42be-b098-b2490008073f/cfe273dd-ebae-42be-b098-b2490008073f_DownloadAsJpg.jpg,https://search.shopping.naver.com/search/all?query=%EB%A1%9C%EC%96%84%EC%BA%90%EB%8B%8C%20%EB%AF%B8%EB%8B%88%EC%96%B4%EC%B2%98%20%EC%8A%88%EB%82%98%EC%9A%B0%EC%A0%80%20%ED%8D%BC%ED%94%BC%20%EA%B1%B4%EC%82%AC%EB%A3%8C
14,로얄캐닌(Royal Canin),치와와 퍼피 건사료,DOG,https://marspetcareaprimocdn.petcare.global/eed2769a-2ecf-4e13-a954-b3770141ad26/eed2769a-2ecf-4e13-a954-b3770141ad26_DownloadAsJpg.jpg,https://search.shopping.naver.com/search/all?query=%EB%A1%9C%EC%96%84%EC%BA%90%EB%8B%8C%20%EC%B9%98%EC%99%80%EC%99%80%20%ED%8D%BC%ED%94%BC%20%EA%B1%B4%EC%82%AC%EB%A3%8C
15,로얄캐닌(Royal Canin),푸들 퍼피 건사료,DOG,https://marspetcareaprimocdn.petcare.global/d939c1a5-05dc-43d8-a849-b24900080764/d939c1a5-05dc-43d8-a849-b24900080764_DownloadAsJpg.jpg,https://search.shopping.naver.com/search/all?query=%EB%A1%9C%EC%96%84%EC%BA%90%EB%8B%8C%20%ED%91%B8%EB%93%A4%20%ED%8D%BC%ED%94%BC%20%EA%B1%B4%EC%82%AC%EB%A3%8C
16,로얄캐닌(Royal Canin),요크셔테리어 어덜트 건사료,DOG,https://marspetcareaprimocdn.petcare.global/f9741fb2-3889-44a1-a22c-b24900075fed/f9741fb2-3889-44a1-a22c-b24900075fed_DownloadAsJpg.jpg,https://search.shopping.naver.com/search/all?query=%EB%A1%9C%EC%96%84%EC%BA%90%EB%8B%8C%20%EC%9A%94%ED%81%AC%EC%85%94%ED%85%8C%EB%A6%AC%EC%96%B4%20%EC%96%B4%EB%8D%9C%ED%8A%B8%20%EA%B1%B4%EC%82%AC%EB%A3%8C
17,로얄캐닌(Royal Canin),미니 어덜트 파우치 (소형견 습식),DOG,https://marspetcareaprimocdn.petcare.global/8f0c669d-0b39-48d1-8f41-b249000956c1/8f0c669d-0b39-48d1-8f41-b249000956c1_DownloadAsJpg.jpg,https://search.shopping.naver.com/search/all?query=%EB%A1%9C%EC%96%84%EC%BA%90%EB%8B%8C%20%EB%AF%B8%EB%8B%88%20%EC%96%B4%EB%8D%9C%ED%8A%B8%20%ED%8C%8C%EC%9A%B0%EC%B9%98%20%28%EC%86%8C%ED%98%95%EA%B2%AC%20%EC%8A%B5%EC%8B%9D%29
18,로얄캐닌(Royal Canin),미니 덴탈 케어 건사료 (소형견 치아케어),DOG,https://marspetcareaprimocdn.petcare.global/5582154c-1315-4ca5-8203-b1ef0012e300/5582154c-1315-4ca5-8203-b1ef0012e300_DownloadAsJpg.jpg,https://search.shopping.naver.com/search/all?query=%EB%A1%9C%EC%96%84%EC%BA%90%EB%8B%8C%20%EB%AF%B8%EB%8B%88%20%EB%8D%B4%ED%83%88%20%EC%BC%80%EC%96%B4%20%EA%B1%B4%EC%82%AC%EB%A3%8C%20%28%EC%86%8C%ED%98%95%EA%B2%AC%20%EC%B9%98%EC%95%84%EC%BC%80%EC%96%B4%29
19,힐스(Hill's Science Diet),어덜트 스몰 앤 미니 건사료 (치킨 & 현미),DOG,https://pxmshare.colgatepalmolive.com/PNG_500/qbwNESLIaLCc-MXMAQrxm.png,https://search.shopping.naver.com/search/all?query=%ED%9E%90%EC%8A%A4%20%EC%96%B4%EB%8D%9C%ED%8A%B8%20%EC%8A%A4%EB%AA%B0%20%EC%95%A4%20%EB%AF%B8%EB%8B%88%20%EA%B1%B4%EC%82%AC%EB%A3%8C%20%28%EC%B9%98%ED%82%A8%20%26%20%ED%98%84%EB%AF%B8%29
20,힐스(Hill's Science Diet),어덜트 스몰 바이트 건사료 (치킨 & 보리),DOG,https://pxmshare.colgatepalmolive.com/PNG_500/X6hnJNkXlKozcpey-P9Ac.png,https://search.shopping.naver.com/search/all?query=%ED%9E%90%EC%8A%A4%20%EC%96%B4%EB%8D%9C%ED%8A%B8%20%EC%8A%A4%EB%AA%B0%20%EB%B0%94%EC%9D%B4%ED%8A%B8%20%EA%B1%B4%EC%82%AC%EB%A3%8C%20%28%EC%B9%98%ED%82%A8%20%26%20%EB%B3%B4%EB%A6%AC%29
21,힐스(Hill's Science Diet),어덜트 라지 브리드 건사료 (치킨 & 보리),DOG,https://pxmshare.colgatepalmolive.com/PNG_500/gLqRdbhSl4SiDj58bfAha.png,https://search.shopping.naver.com/search/all?query=%ED%9E%90%EC%8A%A4%20%EC%96%B4%EB%8D%9C%ED%8A%B8%20%EB%9D%BC%EC%A7%80%20%EB%B8%8C%EB%A6%AC%EB%93%9C%20%EA%B1%B4%EC%82%AC%EB%A3%8C%20%28%EC%B9%98%ED%82%A8%20%26%20%EB%B3%B4%EB%A6%AC%29
22,힐스(Hill's Science Diet),어덜트 라이트 스몰 앤 미니 건사료 (치킨밀 & 보리 & 현미),DOG,https://pxmshare.colgatepalmolive.com/PNG_500/QTT4roFJncZc8FaIxf4_1.png,https://search.shopping.naver.com/search/all?query=%ED%9E%90%EC%8A%A4%20%EC%96%B4%EB%8D%9C%ED%8A%B8%20%EB%9D%BC%EC%9D%B4%ED%8A%B8%20%EC%8A%A4%EB%AA%B0%20%EC%95%A4%20%EB%AF%B8%EB%8B%88%20%EA%B1%B4%EC%82%AC%EB%A3%8C%20%28%EC%B9%98%ED%82%A8%EB%B0%80%20%26%20%EB%B3%B4%EB%A6%AC%20%26%20%ED%98%84%EB%AF%B8%29
23,힐스(Hill's Science Diet),어덜트 라이트 스몰 바이트 건사료 (치킨밀 & 보리),DOG,https://pxmshare.colgatepalmolive.com/PNG_500/jQK5valJCci6fYoSqHPZj.png,https://search.shopping.naver.com/search/all?query=%ED%9E%90%EC%8A%A4%20%EC%96%B4%EB%8D%9C%ED%8A%B8%20%EB%9D%BC%EC%9D%B4%ED%8A%B8%20%EC%8A%A4%EB%AA%B0%20%EB%B0%94%EC%9D%B4%ED%8A%B8%20%EA%B1%B4%EC%82%AC%EB%A3%8C%20%28%EC%B9%98%ED%82%A8%EB%B0%80%20%26%20%EB%B3%B4%EB%A6%AC%29
24,힐스(Hill's Science Diet),"어덜트 6+ 라지 브리드 건사료 (치킨밀, 보리 & 쌀)",DOG,https://pxmshare.colgatepalmolive.com/PNG_500/jccWtESrAhpnWU1rGKyUm.png,https://search.shopping.naver.com/search/all?query=%ED%9E%90%EC%8A%A4%20%EC%96%B4%EB%8D%9C%ED%8A%B8%206%2B%20%EB%9D%BC%EC%A7%80%20%EB%B8%8C%EB%A6%AC%EB%93%9C%20%EA%B1%B4%EC%82%AC%EB%A3%8C%20%28%EC%B9%98%ED%82%A8%EB%B0%80%2C%20%EB%B3%B4%EB%A6%AC%20%26%20%EC%8C%80%29
25,힐스(Hill's Science Diet),"어덜트 7+ 스몰 바이트 건사료 (치킨, 밀, 보리)",DOG,https://pxmshare.colgatepalmolive.com/PNG_500/gJTYsDOqtFTnRkk7-CN1s.png,https://search.shopping.naver.com/search/all?query=%ED%9E%90%EC%8A%A4%20%EC%96%B4%EB%8D%9C%ED%8A%B8%207%2B%20%EC%8A%A4%EB%AA%B0%20%EB%B0%94%EC%9D%B4%ED%8A%B8%20%EA%B1%B4%EC%82%AC%EB%A3%8C%20%28%EC%B9%98%ED%82%A8%2C%20%EB%B0%80%2C%20%EB%B3%B4%EB%A6%AC%29
26,힐스(Hill's Science Diet),"어덜트 11+ 스몰 앤 미니 건사료 (치킨, 현미 & 보리)",DOG,https://pxmshare.colgatepalmolive.com/PNG_500/1ReOE85Caat8wb2cam5_H.png,https://search.shopping.naver.com/search/all?query=%ED%9E%90%EC%8A%A4%20%EC%96%B4%EB%8D%9C%ED%8A%B8%2011%2B%20%EC%8A%A4%EB%AA%B0%20%EC%95%A4%20%EB%AF%B8%EB%8B%88%20%EA%B1%B4%EC%82%AC%EB%A3%8C%20%28%EC%B9%98%ED%82%A8%2C%20%ED%98%84%EB%AF%B8%20%26%20%EB%B3%B4%EB%A6%AC%29
27,힐스(Hill's Science Diet),어덜트 퍼펙트 웨이트 & 조인트 서포트 건사료 (치킨 & 현미),DOG,https://pxmshare.colgatepalmolive.com/PNG_500/lXsT2VhUcHkWgcxcpO6Yo.png,https://search.shopping.naver.com/search/all?query=%ED%9E%90%EC%8A%A4%20%EC%96%B4%EB%8D%9C%ED%8A%B8%20%ED%8D%BC%ED%8E%99%ED%8A%B8%20%EC%9B%A8%EC%9D%B4%ED%8A%B8%20%26%20%EC%A1%B0%EC%9D%B8%ED%8A%B8%20%EC%84%9C%ED%8F%AC%ED%8A%B8%20%EA%B1%B4%EC%82%AC%EB%A3%8C%20%28%EC%B9%98%ED%82%A8%20%26%20%ED%98%84%EB%AF%B8%29
28,힐스(Hill's Science Diet),어덜트 센서티브 스토막 & 스킨 스몰 & 미니 건사료 (치킨),DOG,https://pxmshare.colgatepalmolive.com/PNG_500/EFw9hkflwIU75VzyW-vrP.png,https://search.shopping.naver.com/search/all?query=%ED%9E%90%EC%8A%A4%20%EC%96%B4%EB%8D%9C%ED%8A%B8%20%EC%84%BC%EC%84%9C%ED%8B%B0%EB%B8%8C%20%EC%8A%A4%ED%86%A0%EB%A7%89%20%26%20%EC%8A%A4%ED%82%A8%20%EC%8A%A4%EB%AA%B0%20%26%20%EB%AF%B8%EB%8B%88%20%EA%B1%B4%EC%82%AC%EB%A3%8C%20%28%EC%B9%98%ED%82%A8%29
29,힐스(Hill's Science Diet),"어덜트 퍼펙트 다이제스천 건사료 (연어, 통귀리, 현미)",DOG,https://pxmshare.colgatepalmolive.com/PNG_500/zA5wB-yN2IPU_d_Y5CQn5.png,https://search.shopping.naver.com/search/all?query=%ED%9E%90%EC%8A%A4%20%EC%96%B4%EB%8D%9C%ED%8A%B8%20%ED%8D%BC%ED%8E%99%ED%8A%B8%20%EB%8B%A4%EC%9D%B4%EC%A0%9C%EC%8A%A4%EC%B2%9C%20%EA%B1%B4%EC%82%AC%EB%A3%8C%20%28%EC%97%B0%EC%96%B4%2C%20%ED%86%B5%EA%B7%80%EB%A6%AC%2C%20%ED%98%84%EB%AF%B8%29
30,힐스(Hill's Science Diet),퍼피 스몰 & 미니 건사료 (치킨 & 현미),DOG,https://pxmshare.colgatepalmolive.com/PNG_500/o7QqtQTWeITZC4EF2Li_s.png,https://search.shopping.naver.com/search/all?query=%ED%9E%90%EC%8A%A4%20%ED%8D%BC%ED%94%BC%20%EC%8A%A4%EB%AA%B0%20%26%20%EB%AF%B8%EB%8B%88%20%EA%B1%B4%EC%82%AC%EB%A3%8C%20%28%EC%B9%98%ED%82%A8%20%26%20%ED%98%84%EB%AF%B8%29
31,힐스(Hill's Science Diet),퍼피 라지 브리드 건사료 (치킨 & 현미),DOG,https://pxmshare.colgatepalmolive.com/PNG_500/ZiCkR8ROEN0nmLFsym3JO.png,https://search.shopping.naver.com/search/all?query=%ED%9E%90%EC%8A%A4%20%ED%8D%BC%ED%94%BC%20%EB%9D%BC%EC%A7%80%20%EB%B8%8C%EB%A6%AC%EB%93%9C%20%EA%B1%B4%EC%82%AC%EB%A3%8C%20%28%EC%B9%98%ED%82%A8%20%26%20%ED%98%84%EB%AF%B8%29
32,퓨리나 프로플랜(Purina Pro Plan),어덜트 치킨앤라이스 건사료,DOG,,https://search.shopping.naver.com/search/all?query=%ED%93%A8%EB%A6%AC%EB%82%98%20%ED%94%84%EB%A1%9C%ED%94%8C%EB%9E%9C%20%EC%96%B4%EB%8D%9C%ED%8A%B8%20%EC%B9%98%ED%82%A8%EC%95%A4%EB%9D%BC%EC%9D%B4%EC%8A%A4%20%EA%B1%B4%EC%82%AC%EB%A3%8C
33,퓨리나 프로플랜(Purina Pro Plan),어덜트 살몬앤라이스 건사료,DOG,,https://search.shopping.naver.com/search/all?query=%ED%93%A8%EB%A6%AC%EB%82%98%20%ED%94%84%EB%A1%9C%ED%94%8C%EB%9E%9C%20%EC%96%B4%EB%8D%9C%ED%8A%B8%20%EC%82%B4%EB%AA%AC%EC%95%A4%EB%9D%BC%EC%9D%B4%EC%8A%A4%20%EA%B1%B4%EC%82%AC%EB%A3%8C
34,퓨리나 프로플랜(Purina Pro Plan),어덜트 스몰앤미니 치킨앤라이스 건사료,DOG,,https://search.shopping.naver.com/search/all?query=%ED%93%A8%EB%A6%AC%EB%82%98%20%ED%94%84%EB%A1%9C%ED%94%8C%EB%9E%9C%20%EC%96%B4%EB%8D%9C%ED%8A%B8%20%EC%8A%A4%EB%AA%B0%EC%95%A4%EB%AF%B8%EB%8B%88%20%EC%B9%98%ED%82%A8%EC%95%A4%EB%9D%BC%EC%9D%B4%EC%8A%A4%20%EA%B1%B4%EC%82%AC%EB%A3%8C
35,퓨리나 프로플랜(Purina Pro Plan),시니어 7+ 치킨앤라이스 건사료,DOG,,https://search.shopping.naver.com/search/all?query=%ED%93%A8%EB%A6%AC%EB%82%98%20%ED%94%84%EB%A1%9C%ED%94%8C%EB%9E%9C%20%EC%8B%9C%EB%8B%88%EC%96%B4%207%2B%20%EC%B9%98%ED%82%A8%EC%95%A4%EB%9D%BC%EC%9D%B4%EC%8A%A4%20%EA%B1%B4%EC%82%AC%EB%A3%8C
36,퓨리나 프로플랜(Purina Pro Plan),스포트 어덜트 치킨앤라이스 건사료,DOG,,https://search.shopping.naver.com/search/all?query=%ED%93%A8%EB%A6%AC%EB%82%98%20%ED%94%84%EB%A1%9C%ED%94%8C%EB%9E%9C%20%EC%8A%A4%ED%8F%AC%ED%8A%B8%20%EC%96%B4%EB%8D%9C%ED%8A%B8%20%EC%B9%98%ED%82%A8%EC%95%A4%EB%9D%BC%EC%9D%B4%EC%8A%A4%20%EA%B1%B4%EC%82%AC%EB%A3%8C
37,퓨리나 프로플랜(Purina Pro Plan),퍼피 라지브리드 치킨앤라이스 건사료,DOG,,https://search.shopping.naver.com/search/all?query=%ED%93%A8%EB%A6%AC%EB%82%98%20%ED%94%84%EB%A1%9C%ED%94%8C%EB%9E%9C%20%ED%8D%BC%ED%94%BC%20%EB%9D%BC%EC%A7%80%EB%B8%8C%EB%A6%AC%EB%93%9C%20%EC%B9%98%ED%82%A8%EC%95%A4%EB%9D%BC%EC%9D%B4%EC%8A%A4%20%EA%B1%B4%EC%82%AC%EB%A3%8C
38,퓨리나 프로플랜(Purina Pro Plan),어덜트 라지브리드 치킨앤라이스 건사료,DOG,,https://search.shopping.naver.com/search/all?query=%ED%93%A8%EB%A6%AC%EB%82%98%20%ED%94%84%EB%A1%9C%ED%94%8C%EB%9E%9C%20%EC%96%B4%EB%8D%9C%ED%8A%B8%20%EB%9D%BC%EC%A7%80%EB%B8%8C%EB%A6%AC%EB%93%9C%20%EC%B9%98%ED%82%A8%EC%95%A4%EB%9D%BC%EC%9D%B4%EC%8A%A4%20%EA%B1%B4%EC%82%AC%EB%A3%8C
39,퓨리나 원(Purina ONE),어덜트 치킨앤라이스 건사료,DOG,,https://search.shopping.naver.com/search/all?query=%ED%93%A8%EB%A6%AC%EB%82%98%20%EC%9B%90%20%EC%96%B4%EB%8D%9C%ED%8A%B8%20%EC%B9%98%ED%82%A8%EC%95%A4%EB%9D%BC%EC%9D%B4%EC%8A%A4%20%EA%B1%B4%EC%82%AC%EB%A3%8C
40,퓨리나 원(Purina ONE),어덜트 살몬앤감자 건사료,DOG,,https://search.shopping.naver.com/search/all?query=%ED%93%A8%EB%A6%AC%EB%82%98%20%EC%9B%90%20%EC%96%B4%EB%8D%9C%ED%8A%B8%20%EC%82%B4%EB%AA%AC%EC%95%A4%EA%B0%90%EC%9E%90%20%EA%B1%B4%EC%82%AC%EB%A3%8C
41,퓨리나 원(Purina ONE),어덜트 스몰독 치킨앤라이스 건사료,DOG,,https://search.shopping.naver.com/search/all?query=%ED%93%A8%EB%A6%AC%EB%82%98%20%EC%9B%90%20%EC%96%B4%EB%8D%9C%ED%8A%B8%20%EC%8A%A4%EB%AA%B0%EB%8F%85%20%EC%B9%98%ED%82%A8%EC%95%A4%EB%9D%BC%EC%9D%B4%EC%8A%A4%20%EA%B1%B4%EC%82%AC%EB%A3%8C
42,퓨리나 원(Purina ONE),시니어 7+ 치킨앤라이스 건사료,DOG,,https://search.shopping.naver.com/search/all?query=%ED%93%A8%EB%A6%AC%EB%82%98%20%EC%9B%90%20%EC%8B%9C%EB%8B%88%EC%96%B4%207%2B%20%EC%B9%98%ED%82%A8%EC%95%A4%EB%9D%BC%EC%9D%B4%EC%8A%A4%20%EA%B1%B4%EC%82%AC%EB%A3%8C
43,퓨리나 원(Purina ONE),퍼피 치킨앤라이스 건사료,DOG,,https://search.shopping.naver.com/search/all?query=%ED%93%A8%EB%A6%AC%EB%82%98%20%EC%9B%90%20%ED%8D%BC%ED%94%BC%20%EC%B9%98%ED%82%A8%EC%95%A4%EB%9D%BC%EC%9D%B4%EC%8A%A4%20%EA%B1%B4%EC%82%AC%EB%A3%8C
44,퓨리나 원(Purina ONE),어덜트 라지브리드 치킨앤라이스 건사료,DOG,,https://search.shopping.naver.com/search/all?query=%ED%93%A8%EB%A6%AC%EB%82%98%20%EC%9B%90%20%EC%96%B4%EB%8D%9C%ED%8A%B8%20%EB%9D%BC%EC%A7%80%EB%B8%8C%EB%A6%AC%EB%93%9C%20%EC%B9%98%ED%82%A8%EC%95%A4%EB%9D%BC%EC%9D%B4%EC%8A%A4%20%EA%B1%B4%EC%82%AC%EB%A3%8C
45,오리젠(ORIJEN),오리지날 독 건사료,DOG,,https://search.shopping.naver.com/search/all?query=%EC%98%A4%EB%A6%AC%EC%A0%A0%20%EC%98%A4%EB%A6%AC%EC%A7%80%EB%82%A0%20%EB%8F%85%20%EA%B1%B4%EC%82%AC%EB%A3%8C
46,오리젠(ORIJEN),식스 피쉬 독 건사료,DOG,,https://search.shopping.naver.com/search/all?query=%EC%98%A4%EB%A6%AC%EC%A0%A0%20%EC%8B%9D%EC%8A%A4%20%ED%94%BC%EC%89%AC%20%EB%8F%85%20%EA%B1%B4%EC%82%AC%EB%A3%8C
47,오리젠(ORIJEN),리저널 레드 독 건사료,DOG,,https://search.shopping.naver.com/search/all?query=%EC%98%A4%EB%A6%AC%EC%A0%A0%20%EB%A6%AC%EC%A0%80%EB%84%90%20%EB%A0%88%EB%93%9C%20%EB%8F%85%20%EA%B1%B4%EC%82%AC%EB%A3%8C
48,오리젠(ORIJEN),트로피칼 레드 독 건사료,DOG,,https://search.shopping.naver.com/search/all?query=%EC%98%A4%EB%A6%AC%EC%A0%A0%20%ED%8A%B8%EB%A1%9C%ED%94%BC%EC%B9%BC%20%EB%A0%88%EB%93%9C%20%EB%8F%85%20%EA%B1%B4%EC%82%AC%EB%A3%8C
49,오리젠(ORIJEN),피트 독 건사료,DOG,,https://search.shopping.naver.com/search/all?query=%EC%98%A4%EB%A6%AC%EC%A0%A0%20%ED%94%BC%ED%8A%B8%20%EB%8F%85%20%EA%B1%B4%EC%82%AC%EB%A3%8C
50,오리젠(ORIJEN),레어&원 런보레인디어 독 건사료,DOG,,https://search.shopping.naver.com/search/all?query=%EC%98%A4%EB%A6%AC%EC%A0%A0%20%EB%A0%88%EC%96%B4%26%EC%9B%90%20%EB%9F%B0%EB%B3%B4%EB%A0%88%EC%9D%B8%EB%94%94%EC%96%B4%20%EB%8F%85%20%EA%B1%B4%EC%82%AC%EB%A3%8C
51,오리젠(ORIJEN),퍼피 라지 독 건사료,DOG,,https://search.shopping.naver.com/search/all?query=%EC%98%A4%EB%A6%AC%EC%A0%A0%20%ED%8D%BC%ED%94%BC%20%EB%9D%BC%EC%A7%80%20%EB%8F%85%20%EA%B1%B4%EC%82%AC%EB%A3%8C
52,아카나(ACANA),퍼시픽 필즈 독 건사료,DOG,,https://search.shopping.naver.com/search/all?query=%EC%95%84%EC%B9%B4%EB%82%98%20%ED%8D%BC%EC%8B%9C%ED%94%BD%20%ED%95%84%EC%A6%88%20%EB%8F%85%20%EA%B1%B4%EC%82%AC%EB%A3%8C
53,아카나(ACANA),그래이슬랜즈 독 건사료,DOG,,https://search.shopping.naver.com/search/all?query=%EC%95%84%EC%B9%B4%EB%82%98%20%EA%B7%B8%EB%9E%98%EC%9D%B4%EC%8A%AC%EB%9E%9C%EC%A6%88%20%EB%8F%85%20%EA%B1%B4%EC%82%AC%EB%A3%8C
54,아카나(ACANA),메도우랜즈 독 건사료,DOG,,https://search.shopping.naver.com/search/all?query=%EC%95%84%EC%B9%B4%EB%82%98%20%EB%A9%94%EB%8F%84%EC%9A%B0%EB%9E%9C%EC%A6%88%20%EB%8F%85%20%EA%B1%B4%EC%82%AC%EB%A3%8C
55,아카나(ACANA),레드미트 독 건사료,DOG,,https://search.shopping.naver.com/search/all?query=%EC%95%84%EC%B9%B4%EB%82%98%20%EB%A0%88%EB%93%9C%EB%AF%B8%ED%8A%B8%20%EB%8F%85%20%EA%B1%B4%EC%82%AC%EB%A3%8C
56,아카나(ACANA),와일드 코스트 독 건사료,DOG,,https://search.shopping.naver.com/search/all?query=%EC%95%84%EC%B9%B4%EB%82%98%20%EC%99%80%EC%9D%BC%EB%93%9C%20%EC%BD%94%EC%8A%A4%ED%8A%B8%20%EB%8F%85%20%EA%B1%B4%EC%82%AC%EB%A3%8C
57,아카나(ACANA),싱글스 패스처레이즈드 램 독 건사료,DOG,,https://search.shopping.naver.com/search/all?query=%EC%95%84%EC%B9%B4%EB%82%98%20%EC%8B%B1%EA%B8%80%EC%8A%A4%20%ED%8C%A8%EC%8A%A4%EC%B2%98%EB%A0%88%EC%9D%B4%EC%A6%88%EB%93%9C%20%EB%9E%A8%20%EB%8F%85%20%EA%B1%B4%EC%82%AC%EB%A3%8C
58,아카나(ACANA),퍼피&주니어 독 건사료,DOG,,https://search.shopping.naver.com/search/all?query=%EC%95%84%EC%B9%B4%EB%82%98%20%ED%8D%BC%ED%94%BC%26%EC%A3%BC%EB%8B%88%EC%96%B4%20%EB%8F%85%20%EA%B1%B4%EC%82%AC%EB%A3%8C
59,테이스트오브더와일드(Taste of the Wild),하이 프레이리 어덜트 (들소&사슴) 건사료,DOG,,https://search.shopping.naver.com/search/all?query=%ED%85%8C%EC%9D%B4%EC%8A%A4%ED%8A%B8%EC%98%A4%EB%B8%8C%EB%8D%94%EC%99%80%EC%9D%BC%EB%93%9C%20%ED%95%98%EC%9D%B4%20%ED%94%84%EB%A0%88%EC%9D%B4%EB%A6%AC%20%EC%96%B4%EB%8D%9C%ED%8A%B8%20%28%EB%93%A4%EC%86%8C%26%EC%82%AC%EC%8A%B4%29%20%EA%B1%B4%EC%82%AC%EB%A3%8C
60,테이스트오브더와일드(Taste of the Wild),퍼시픽 스트림 어덜트 (훈제연어) 건사료,DOG,,https://search.shopping.naver.com/search/all?query=%ED%85%8C%EC%9D%B4%EC%8A%A4%ED%8A%B8%EC%98%A4%EB%B8%8C%EB%8D%94%EC%99%80%EC%9D%BC%EB%93%9C%20%ED%8D%BC%EC%8B%9C%ED%94%BD%20%EC%8A%A4%ED%8A%B8%EB%A6%BC%20%EC%96%B4%EB%8D%9C%ED%8A%B8%20%28%ED%9B%88%EC%A0%9C%EC%97%B0%EC%96%B4%29%20%EA%B1%B4%EC%82%AC%EB%A3%8C
61,테이스트오브더와일드(Taste of the Wild),스모키 밸리 리버 어덜트 건사료,DOG,,https://search.shopping.naver.com/search/all?query=%ED%85%8C%EC%9D%B4%EC%8A%A4%ED%8A%B8%EC%98%A4%EB%B8%8C%EB%8D%94%EC%99%80%EC%9D%BC%EB%93%9C%20%EC%8A%A4%EB%AA%A8%ED%82%A4%20%EB%B0%B8%EB%A6%AC%20%EB%A6%AC%EB%B2%84%20%EC%96%B4%EB%8D%9C%ED%8A%B8%20%EA%B1%B4%EC%82%AC%EB%A3%8C
62,테이스트오브더와일드(Taste of the Wild),앤시언트 그레인 하이 프레이리 어덜트 건사료,DOG,,https://search.shopping.naver.com/search/all?query=%ED%85%8C%EC%9D%B4%EC%8A%A4%ED%8A%B8%EC%98%A4%EB%B8%8C%EB%8D%94%EC%99%80%EC%9D%BC%EB%93%9C%20%EC%95%A4%EC%8B%9C%EC%96%B8%ED%8A%B8%20%EA%B7%B8%EB%A0%88%EC%9D%B8%20%ED%95%98%EC%9D%B4%20%ED%94%84%EB%A0%88%EC%9D%B4%EB%A6%AC%20%EC%96%B4%EB%8D%9C%ED%8A%B8%20%EA%B1%B4%EC%82%AC%EB%A3%8C
63,테이스트오브더와일드(Taste of the Wild),하이 프레이리 퍼피 건사료,DOG,,https://search.shopping.naver.com/search/all?query=%ED%85%8C%EC%9D%B4%EC%8A%A4%ED%8A%B8%EC%98%A4%EB%B8%8C%EB%8D%94%EC%99%80%EC%9D%BC%EB%93%9C%20%ED%95%98%EC%9D%B4%20%ED%94%84%EB%A0%88%EC%9D%B4%EB%A6%AC%20%ED%8D%BC%ED%94%BC%20%EA%B1%B4%EC%82%AC%EB%A3%8C
64,테이스트오브더와일드(Taste of the Wild),어팔라치아 밸리 스몰 브리드 어덜트 건사료,DOG,,https://search.shopping.naver.com/search/all?query=%ED%85%8C%EC%9D%B4%EC%8A%A4%ED%8A%B8%EC%98%A4%EB%B8%8C%EB%8D%94%EC%99%80%EC%9D%BC%EB%93%9C%20%EC%96%B4%ED%8C%94%EB%9D%BC%EC%B9%98%EC%95%84%20%EB%B0%B8%EB%A6%AC%20%EC%8A%A4%EB%AA%B0%20%EB%B8%8C%EB%A6%AC%EB%93%9C%20%EC%96%B4%EB%8D%9C%ED%8A%B8%20%EA%B1%B4%EC%82%AC%EB%A3%8C
72,내추럴코어(Natural Core),오가닉 100 어덜트 치킨 건사료,DOG,,https://search.shopping.naver.com/search/all?query=%EB%82%B4%EC%B6%94%EB%9F%B4%EC%BD%94%EC%96%B4%20%EC%98%A4%EA%B0%80%EB%8B%89%20100%20%EC%96%B4%EB%8D%9C%ED%8A%B8%20%EC%B9%98%ED%82%A8%20%EA%B1%B4%EC%82%AC%EB%A3%8C
73,내추럴코어(Natural Core),에코 그레인프리 연어 어덜트 건사료,DOG,,https://search.shopping.naver.com/search/all?query=%EB%82%B4%EC%B6%94%EB%9F%B4%EC%BD%94%EC%96%B4%20%EC%97%90%EC%BD%94%20%EA%B7%B8%EB%A0%88%EC%9D%B8%ED%94%84%EB%A6%AC%20%EC%97%B0%EC%96%B4%20%EC%96%B4%EB%8D%9C%ED%8A%B8%20%EA%B1%B4%EC%82%AC%EB%A3%8C
74,내추럴코어(Natural Core),에코 그레인프리 닭고기 어덜트 건사료,DOG,,https://search.shopping.naver.com/search/all?query=%EB%82%B4%EC%B6%94%EB%9F%B4%EC%BD%94%EC%96%B4%20%EC%97%90%EC%BD%94%20%EA%B7%B8%EB%A0%88%EC%9D%B8%ED%94%84%EB%A6%AC%20%EB%8B%AD%EA%B3%A0%EA%B8%B0%20%EC%96%B4%EB%8D%9C%ED%8A%B8%20%EA%B1%B4%EC%82%AC%EB%A3%8C
75,내추럴코어(Natural Core),멀티 프로테인 어덜트 건사료,DOG,,https://search.shopping.naver.com/search/all?query=%EB%82%B4%EC%B6%94%EB%9F%B4%EC%BD%94%EC%96%B4%20%EB%A9%80%ED%8B%B0%20%ED%94%84%EB%A1%9C%ED%85%8C%EC%9D%B8%20%EC%96%B4%EB%8D%9C%ED%8A%B8%20%EA%B1%B4%EC%82%AC%EB%A3%8C
76,내추럴코어(Natural Core),오메가 쏠라 청어 어덜트 건사료,DOG,,https://search.shopping.naver.com/search/all?query=%EB%82%B4%EC%B6%94%EB%9F%B4%EC%BD%94%EC%96%B4%20%EC%98%A4%EB%A9%94%EA%B0%80%20%EC%8F%A0%EB%9D%BC%20%EC%B2%AD%EC%96%B4%20%EC%96%B4%EB%8D%9C%ED%8A%B8%20%EA%B1%B4%EC%82%AC%EB%A3%8C
77,내추럴코어(Natural Core),오가닉 100 퍼피 치킨 건사료,DOG,,https://search.shopping.naver.com/search/all?query=%EB%82%B4%EC%B6%94%EB%9F%B4%EC%BD%94%EC%96%B4%20%EC%98%A4%EA%B0%80%EB%8B%89%20100%20%ED%8D%BC%ED%94%BC%20%EC%B9%98%ED%82%A8%20%EA%B1%B4%EC%82%AC%EB%A3%8C
78,내추럴코어(Natural Core),에코 그레인프리 오리 어덜트 건사료,DOG,,https://search.shopping.naver.com/search/all?query=%EB%82%B4%EC%B6%94%EB%9F%B4%EC%BD%94%EC%96%B4%20%EC%97%90%EC%BD%94%20%EA%B7%B8%EB%A0%88%EC%9D%B8%ED%94%84%EB%A6%AC%20%EC%98%A4%EB%A6%AC%20%EC%96%B4%EB%8D%9C%ED%8A%B8%20%EA%B1%B4%EC%82%AC%EB%A3%8C
79,하림펫푸드,더리얼 어덜트 닭고기 건사료,DOG,,https://search.shopping.naver.com/search/all?query=%ED%95%98%EB%A6%BC%ED%8E%AB%ED%91%B8%EB%93%9C%20%EB%8D%94%EB%A6%AC%EC%96%BC%20%EC%96%B4%EB%8D%9C%ED%8A%B8%20%EB%8B%AD%EA%B3%A0%EA%B8%B0%20%EA%B1%B4%EC%82%AC%EB%A3%8C
80,하림펫푸드,더리얼 그레인프리 닭고기 어덜트 건사료,DOG,,https://search.shopping.naver.com/search/all?query=%ED%95%98%EB%A6%BC%ED%8E%AB%ED%91%B8%EB%93%9C%20%EB%8D%94%EB%A6%AC%EC%96%BC%20%EA%B7%B8%EB%A0%88%EC%9D%B8%ED%94%84%EB%A6%AC%20%EB%8B%AD%EA%B3%A0%EA%B8%B0%20%EC%96%B4%EB%8D%9C%ED%8A%B8%20%EA%B1%B4%EC%82%AC%EB%A3%8C
81,하림펫푸드,더리얼 퍼피 닭고기 건사료,DOG,,https://search.shopping.naver.com/search/all?query=%ED%95%98%EB%A6%BC%ED%8E%AB%ED%91%B8%EB%93%9C%20%EB%8D%94%EB%A6%AC%EC%96%BC%20%ED%8D%BC%ED%94%BC%20%EB%8B%AD%EA%B3%A0%EA%B8%B0%20%EA%B1%B4%EC%82%AC%EB%A3%8C
82,하림펫푸드,더리얼 시니어 닭고기 건사료,DOG,,https://search.shopping.naver.com/search/all?query=%ED%95%98%EB%A6%BC%ED%8E%AB%ED%91%B8%EB%93%9C%20%EB%8D%94%EB%A6%AC%EC%96%BC%20%EC%8B%9C%EB%8B%88%EC%96%B4%20%EB%8B%AD%EA%B3%A0%EA%B8%B0%20%EA%B1%B4%EC%82%AC%EB%A3%8C
83,하림펫푸드,더리얼 소고기 어덜트 건사료,DOG,,https://search.shopping.naver.com/search/all?query=%ED%95%98%EB%A6%BC%ED%8E%AB%ED%91%B8%EB%93%9C%20%EB%8D%94%EB%A6%AC%EC%96%BC%20%EC%86%8C%EA%B3%A0%EA%B8%B0%20%EC%96%B4%EB%8D%9C%ED%8A%B8%20%EA%B1%B4%EC%82%AC%EB%A3%8C
84,하림펫푸드,밥이보약 어덜트 건사료,DOG,,https://search.shopping.naver.com/search/all?query=%ED%95%98%EB%A6%BC%ED%8E%AB%ED%91%B8%EB%93%9C%20%EB%B0%A5%EC%9D%B4%EB%B3%B4%EC%95%BD%20%EC%96%B4%EB%8D%9C%ED%8A%B8%20%EA%B1%B4%EC%82%AC%EB%A3%8C
85,지위피크(ZIWI Peak),에어드라이드 뉴질랜드 램 독,DOG,,https://search.shopping.naver.com/search/all?query=%EC%A7%80%EC%9C%84%ED%94%BC%ED%81%AC%20%EC%97%90%EC%96%B4%EB%93%9C%EB%9D%BC%EC%9D%B4%EB%93%9C%20%EB%89%B4%EC%A7%88%EB%9E%9C%EB%93%9C%20%EB%9E%A8%20%EB%8F%85
86,지위피크(ZIWI Peak),에어드라이드 뉴질랜드 비프 독,DOG,,https://search.shopping.naver.com/search/all?query=%EC%A7%80%EC%9C%84%ED%94%BC%ED%81%AC%20%EC%97%90%EC%96%B4%EB%93%9C%EB%9D%BC%EC%9D%B4%EB%93%9C%20%EB%89%B4%EC%A7%88%EB%9E%9C%EB%93%9C%20%EB%B9%84%ED%94%84%20%EB%8F%85
87,지위피크(ZIWI Peak),에어드라이드 뉴질랜드 치킨 독,DOG,,https://search.shopping.naver.com/search/all?query=%EC%A7%80%EC%9C%84%ED%94%BC%ED%81%AC%20%EC%97%90%EC%96%B4%EB%93%9C%EB%9D%BC%EC%9D%B4%EB%93%9C%20%EB%89%B4%EC%A7%88%EB%9E%9C%EB%93%9C%20%EC%B9%98%ED%82%A8%20%EB%8F%85
88,지위피크(ZIWI Peak),에어드라이드 뉴질랜드 레인디어 독,DOG,,https://search.shopping.naver.com/search/all?query=%EC%A7%80%EC%9C%84%ED%94%BC%ED%81%AC%20%EC%97%90%EC%96%B4%EB%93%9C%EB%9D%BC%EC%9D%B4%EB%93%9C%20%EB%89%B4%EC%A7%88%EB%9E%9C%EB%93%9C%20%EB%A0%88%EC%9D%B8%EB%94%94%EC%96%B4%20%EB%8F%85
89,지위피크(ZIWI Peak),에어드라이드 뉴질랜드 맥케럴앤램 독,DOG,,https://search.shopping.naver.com/search/all?query=%EC%A7%80%EC%9C%84%ED%94%BC%ED%81%AC%20%EC%97%90%EC%96%B4%EB%93%9C%EB%9D%BC%EC%9D%B4%EB%93%9C%20%EB%89%B4%EC%A7%88%EB%9E%9C%EB%93%9C%20%EB%A7%A5%EC%BC%80%EB%9F%B4%EC%95%A4%EB%9E%A8%20%EB%8F%85
90,지위피크(ZIWI Peak),에어드라이드 뉴질랜드 포크 독,DOG,,https://search.shopping.naver.com/search/all?query=%EC%A7%80%EC%9C%84%ED%94%BC%ED%81%AC%20%EC%97%90%EC%96%B4%EB%93%9C%EB%9D%BC%EC%9D%B4%EB%93%9C%20%EB%89%B4%EC%A7%88%EB%9E%9C%EB%93%9C%20%ED%8F%AC%ED%81%AC%20%EB%8F%85
91,지위피크(ZIWI Peak),에어드라이드 뉴질랜드 램앤허크 독,DOG,,https://search.shopping.naver.com/search/all?query=%EC%A7%80%EC%9C%84%ED%94%BC%ED%81%AC%20%EC%97%90%EC%96%B4%EB%93%9C%EB%9D%BC%EC%9D%B4%EB%93%9C%20%EB%89%B4%EC%A7%88%EB%9E%9C%EB%93%9C%20%EB%9E%A8%EC%95%A4%ED%97%88%ED%81%AC%20%EB%8F%85
92,웰니스(Wellness),코어 그레인프리 오리지날 독 건사료,DOG,,https://search.shopping.naver.com/search/all?query=%EC%9B%B0%EB%8B%88%EC%8A%A4%20%EC%BD%94%EC%96%B4%20%EA%B7%B8%EB%A0%88%EC%9D%B8%ED%94%84%EB%A6%AC%20%EC%98%A4%EB%A6%AC%EC%A7%80%EB%82%A0%20%EB%8F%85%20%EA%B1%B4%EC%82%AC%EB%A3%8C
93,웰니스(Wellness),코어 그레인프리 퍼피 독 건사료,DOG,,https://search.shopping.naver.com/search/all?query=%EC%9B%B0%EB%8B%88%EC%8A%A4%20%EC%BD%94%EC%96%B4%20%EA%B7%B8%EB%A0%88%EC%9D%B8%ED%94%84%EB%A6%AC%20%ED%8D%BC%ED%94%BC%20%EB%8F%85%20%EA%B1%B4%EC%82%AC%EB%A3%8C
94,웰니스(Wellness),컴플리트 헬스 어덜트 치킨앤쌀 건사료,DOG,,https://search.shopping.naver.com/search/all?query=%EC%9B%B0%EB%8B%88%EC%8A%A4%20%EC%BB%B4%ED%94%8C%EB%A6%AC%ED%8A%B8%20%ED%97%AC%EC%8A%A4%20%EC%96%B4%EB%8D%9C%ED%8A%B8%20%EC%B9%98%ED%82%A8%EC%95%A4%EC%8C%80%20%EA%B1%B4%EC%82%AC%EB%A3%8C
95,웰니스(Wellness),심플 리미티드 인그리디언트 연어 독 건사료,DOG,,https://search.shopping.naver.com/search/all?query=%EC%9B%B0%EB%8B%88%EC%8A%A4%20%EC%8B%AC%ED%94%8C%20%EB%A6%AC%EB%AF%B8%ED%8B%B0%EB%93%9C%20%EC%9D%B8%EA%B7%B8%EB%A6%AC%EB%94%94%EC%96%B8%ED%8A%B8%20%EC%97%B0%EC%96%B4%20%EB%8F%85%20%EA%B1%B4%EC%82%AC%EB%A3%8C
96,웰니스(Wellness),스몰 브리드 어덜트 칠면조앤귀리 건사료,DOG,,https://search.shopping.naver.com/search/all?query=%EC%9B%B0%EB%8B%88%EC%8A%A4%20%EC%8A%A4%EB%AA%B0%20%EB%B8%8C%EB%A6%AC%EB%93%9C%20%EC%96%B4%EB%8D%9C%ED%8A%B8%20%EC%B9%A0%EB%A9%B4%EC%A1%B0%EC%95%A4%EA%B7%80%EB%A6%AC%20%EA%B1%B4%EC%82%AC%EB%A3%8C
97,웰니스(Wellness),코어 그레인프리 스몰 브리드 독 건사료,DOG,,https://search.shopping.naver.com/search/all?query=%EC%9B%B0%EB%8B%88%EC%8A%A4%20%EC%BD%94%EC%96%B4%20%EA%B7%B8%EB%A0%88%EC%9D%B8%ED%94%84%EB%A6%AC%20%EC%8A%A4%EB%AA%B0%20%EB%B8%8C%EB%A6%AC%EB%93%9C%20%EB%8F%85%20%EA%B1%B4%EC%82%AC%EB%A3%8C
98,나우후레쉬(Now Fresh),그레인프리 어덜트 칠면조 독 건사료,DOG,,https://search.shopping.naver.com/search/all?query=%EB%82%98%EC%9A%B0%ED%9B%84%EB%A0%88%EC%89%AC%20%EA%B7%B8%EB%A0%88%EC%9D%B8%ED%94%84%EB%A6%AC%20%EC%96%B4%EB%8D%9C%ED%8A%B8%20%EC%B9%A0%EB%A9%B4%EC%A1%B0%20%EB%8F%85%20%EA%B1%B4%EC%82%AC%EB%A3%8C
99,나우후레쉬(Now Fresh),그레인프리 스몰브리드 어덜트 독 건사료,DOG,,https://search.shopping.naver.com/search/all?query=%EB%82%98%EC%9A%B0%ED%9B%84%EB%A0%88%EC%89%AC%20%EA%B7%B8%EB%A0%88%EC%9D%B8%ED%94%84%EB%A6%AC%20%EC%8A%A4%EB%AA%B0%EB%B8%8C%EB%A6%AC%EB%93%9C%20%EC%96%B4%EB%8D%9C%ED%8A%B8%20%EB%8F%85%20%EA%B1%B4%EC%82%AC%EB%A3%8C
100,나우후레쉬(Now Fresh),그레인프리 시니어 독 건사료,DOG,,https://search.shopping.naver.com/search/all?query=%EB%82%98%EC%9A%B0%ED%9B%84%EB%A0%88%EC%89%AC%20%EA%B7%B8%EB%A0%88%EC%9D%B8%ED%94%84%EB%A6%AC%20%EC%8B%9C%EB%8B%88%EC%96%B4%20%EB%8F%85%20%EA%B1%B4%EC%82%AC%EB%A3%8C
101,나우후레쉬(Now Fresh),그레인프리 퍼피 독 건사료,DOG,,https://search.shopping.naver.com/search/all?query=%EB%82%98%EC%9A%B0%ED%9B%84%EB%A0%88%EC%89%AC%20%EA%B7%B8%EB%A0%88%EC%9D%B8%ED%94%84%EB%A6%AC%20%ED%8D%BC%ED%94%BC%20%EB%8F%85%20%EA%B1%B4%EC%82%AC%EB%A3%8C
102,나우후레쉬(Now Fresh),그레인프리 라지브리드 어덜트 독 건사료,DOG,,https://search.shopping.naver.com/search/all?query=%EB%82%98%EC%9A%B0%ED%9B%84%EB%A0%88%EC%89%AC%20%EA%B7%B8%EB%A0%88%EC%9D%B8%ED%94%84%EB%A6%AC%20%EB%9D%BC%EC%A7%80%EB%B8%8C%EB%A6%AC%EB%93%9C%20%EC%96%B4%EB%8D%9C%ED%8A%B8%20%EB%8F%85%20%EA%B1%B4%EC%82%AC%EB%A3%8C
103,뉴트로(Nutro),내추럴 초이스 어덜트 닭고기앤쌀 건사료,DOG,,https://search.shopping.naver.com/search/all?query=%EB%89%B4%ED%8A%B8%EB%A1%9C%20%EB%82%B4%EC%B6%94%EB%9F%B4%20%EC%B4%88%EC%9D%B4%EC%8A%A4%20%EC%96%B4%EB%8D%9C%ED%8A%B8%20%EB%8B%AD%EA%B3%A0%EA%B8%B0%EC%95%A4%EC%8C%80%20%EA%B1%B4%EC%82%AC%EB%A3%8C
104,뉴트로(Nutro),울트라 어덜트 닭고기 건사료,DOG,,https://search.shopping.naver.com/search/all?query=%EB%89%B4%ED%8A%B8%EB%A1%9C%20%EC%9A%B8%ED%8A%B8%EB%9D%BC%20%EC%96%B4%EB%8D%9C%ED%8A%B8%20%EB%8B%AD%EA%B3%A0%EA%B8%B0%20%EA%B1%B4%EC%82%AC%EB%A3%8C
105,뉴트로(Nutro),와일드 레시피 연어 어덜트 건사료,DOG,,https://search.shopping.naver.com/search/all?query=%EB%89%B4%ED%8A%B8%EB%A1%9C%20%EC%99%80%EC%9D%BC%EB%93%9C%20%EB%A0%88%EC%8B%9C%ED%94%BC%20%EC%97%B0%EC%96%B4%20%EC%96%B4%EB%8D%9C%ED%8A%B8%20%EA%B1%B4%EC%82%AC%EB%A3%8C
106,뉴트로(Nutro),리미티드 인그리디언트 연어앤감자 건사료,DOG,,https://search.shopping.naver.com/search/all?query=%EB%89%B4%ED%8A%B8%EB%A1%9C%20%EB%A6%AC%EB%AF%B8%ED%8B%B0%EB%93%9C%20%EC%9D%B8%EA%B7%B8%EB%A6%AC%EB%94%94%EC%96%B8%ED%8A%B8%20%EC%97%B0%EC%96%B4%EC%95%A4%EA%B0%90%EC%9E%90%20%EA%B1%B4%EC%82%AC%EB%A3%8C
107,뉴트로(Nutro),스몰 브리드 어덜트 닭고기 건사료,DOG,,https://search.shopping.naver.com/search/all?query=%EB%89%B4%ED%8A%B8%EB%A1%9C%20%EC%8A%A4%EB%AA%B0%20%EB%B8%8C%EB%A6%AC%EB%93%9C%20%EC%96%B4%EB%8D%9C%ED%8A%B8%20%EB%8B%AD%EA%B3%A0%EA%B8%B0%20%EA%B1%B4%EC%82%AC%EB%A3%8C
108,뉴트로(Nutro),내추럴 초이스 시니어 닭고기앤쌀 건사료,DOG,,https://search.shopping.naver.com/search/all?query=%EB%89%B4%ED%8A%B8%EB%A1%9C%20%EB%82%B4%EC%B6%94%EB%9F%B4%20%EC%B4%88%EC%9D%B4%EC%8A%A4%20%EC%8B%9C%EB%8B%88%EC%96%B4%20%EB%8B%AD%EA%B3%A0%EA%B8%B0%EC%95%A4%EC%8C%80%20%EA%B1%B4%EC%82%AC%EB%A3%8C
109,아이엠스(IAMS),프로액티브 헬스 어덜트 미디엄앤라지 치킨 건사료,DOG,,https://search.shopping.naver.com/search/all?query=%EC%95%84%EC%9D%B4%EC%97%A0%EC%8A%A4%20%ED%94%84%EB%A1%9C%EC%95%A1%ED%8B%B0%EB%B8%8C%20%ED%97%AC%EC%8A%A4%20%EC%96%B4%EB%8D%9C%ED%8A%B8%20%EB%AF%B8%EB%94%94%EC%97%84%EC%95%A4%EB%9D%BC%EC%A7%80%20%EC%B9%98%ED%82%A8%20%EA%B1%B4%EC%82%AC%EB%A3%8C
110,아이엠스(IAMS),프로액티브 헬스 스몰 브리드 어덜트 닭고기 건사료,DOG,,https://search.shopping.naver.com/search/all?query=%EC%95%84%EC%9D%B4%EC%97%A0%EC%8A%A4%20%ED%94%84%EB%A1%9C%EC%95%A1%ED%8B%B0%EB%B8%8C%20%ED%97%AC%EC%8A%A4%20%EC%8A%A4%EB%AA%B0%20%EB%B8%8C%EB%A6%AC%EB%93%9C%20%EC%96%B4%EB%8D%9C%ED%8A%B8%20%EB%8B%AD%EA%B3%A0%EA%B8%B0%20%EA%B1%B4%EC%82%AC%EB%A3%8C
111,아이엠스(IAMS),프로액티브 헬스 라지 브리드 어덜트 닭고기 건사료,DOG,,https://search.shopping.naver.com/search/all?query=%EC%95%84%EC%9D%B4%EC%97%A0%EC%8A%A4%20%ED%94%84%EB%A1%9C%EC%95%A1%ED%8B%B0%EB%B8%8C%20%ED%97%AC%EC%8A%A4%20%EB%9D%BC%EC%A7%80%20%EB%B8%8C%EB%A6%AC%EB%93%9C%20%EC%96%B4%EB%8D%9C%ED%8A%B8%20%EB%8B%AD%EA%B3%A0%EA%B8%B0%20%EA%B1%B4%EC%82%AC%EB%A3%8C
112,아이엠스(IAMS),프로액티브 헬스 퍼피 닭고기 건사료,DOG,,https://search.shopping.naver.com/search/all?query=%EC%95%84%EC%9D%B4%EC%97%A0%EC%8A%A4%20%ED%94%84%EB%A1%9C%EC%95%A1%ED%8B%B0%EB%B8%8C%20%ED%97%AC%EC%8A%A4%20%ED%8D%BC%ED%94%BC%20%EB%8B%AD%EA%B3%A0%EA%B8%B0%20%EA%B1%B4%EC%82%AC%EB%A3%8C
113,아이엠스(IAMS),프로액티브 헬스 시니어 7+ 닭고기앤칠면조 건사료,DOG,,https://search.shopping.naver.com/search/all?query=%EC%95%84%EC%9D%B4%EC%97%A0%EC%8A%A4%20%ED%94%84%EB%A1%9C%EC%95%A1%ED%8B%B0%EB%B8%8C%20%ED%97%AC%EC%8A%A4%20%EC%8B%9C%EB%8B%88%EC%96%B4%207%2B%20%EB%8B%AD%EA%B3%A0%EA%B8%B0%EC%95%A4%EC%B9%A0%EB%A9%B4%EC%A1%B0%20%EA%B1%B4%EC%82%AC%EB%A3%8C
114,로얄캐닌(Royal Canin),헤어볼 케어 건사료 (고양이),CAT,https://marspetcareaprimocdn.petcare.global/23c87388-76e1-49d0-81e3-b42500c5b199/23c87388-76e1-49d0-81e3-b42500c5b199_DownloadAsJpg.jpg,https://search.shopping.naver.com/search/all?query=%EB%A1%9C%EC%96%84%EC%BA%90%EB%8B%8C%20%ED%97%A4%EC%96%B4%EB%B3%BC%20%EC%BC%80%EC%96%B4%20%EA%B1%B4%EC%82%AC%EB%A3%8C%20%28%EA%B3%A0%EC%96%91%EC%9D%B4%29
115,로얄캐닌(Royal Canin),인도어 롱헤어 건사료 (장모종 실내 고양이),CAT,https://marspetcareaprimocdn.petcare.global/33ec0a45-6d1e-4ad2-bd0d-b20b00247b33/33ec0a45-6d1e-4ad2-bd0d-b20b00247b33_DownloadAsJpg.jpg,https://search.shopping.naver.com/search/all?query=%EB%A1%9C%EC%96%84%EC%BA%90%EB%8B%8C%20%EC%9D%B8%EB%8F%84%EC%96%B4%20%EB%A1%B1%ED%97%A4%EC%96%B4%20%EA%B1%B4%EC%82%AC%EB%A3%8C%20%28%EC%9E%A5%EB%AA%A8%EC%A2%85%20%EC%8B%A4%EB%82%B4%20%EA%B3%A0%EC%96%91%EC%9D%B4%29
116,로얄캐닌(Royal Canin),인도어 7+ 시니어 건사료 (실내 노령 고양이),CAT,https://marspetcareaprimocdn.petcare.global/217ab462-5989-477b-b75f-b3790079354a/217ab462-5989-477b-b75f-b3790079354a_DownloadAsJpg.jpg,https://search.shopping.naver.com/search/all?query=%EB%A1%9C%EC%96%84%EC%BA%90%EB%8B%8C%20%EC%9D%B8%EB%8F%84%EC%96%B4%207%2B%20%EC%8B%9C%EB%8B%88%EC%96%B4%20%EA%B1%B4%EC%82%AC%EB%A3%8C%20%28%EC%8B%A4%EB%82%B4%20%EB%85%B8%EB%A0%B9%20%EA%B3%A0%EC%96%91%EC%9D%B4%29
117,로얄캐닌(Royal Canin),센서블 건사료 (민감한 위장 고양이),CAT,https://marspetcareaprimocdn.petcare.global/3a19d773-b0bc-47b9-8853-b37900712f28/3a19d773-b0bc-47b9-8853-b37900712f28_DownloadAsJpg.jpg,https://search.shopping.naver.com/search/all?query=%EB%A1%9C%EC%96%84%EC%BA%90%EB%8B%8C%20%EC%84%BC%EC%84%9C%EB%B8%94%20%EA%B1%B4%EC%82%AC%EB%A3%8C%20%28%EB%AF%BC%EA%B0%90%ED%95%9C%20%EC%9C%84%EC%9E%A5%20%EA%B3%A0%EC%96%91%EC%9D%B4%29
118,로얄캐닌(Royal Canin),페르시안 어덜트 건사료,CAT,https://marspetcareaprimocdn.petcare.global/07a1fa03-31d3-47e9-94f6-b2490007b362/07a1fa03-31d3-47e9-94f6-b2490007b362_DownloadAsJpg.jpg,https://search.shopping.naver.com/search/all?query=%EB%A1%9C%EC%96%84%EC%BA%90%EB%8B%8C%20%ED%8E%98%EB%A5%B4%EC%8B%9C%EC%95%88%20%EC%96%B4%EB%8D%9C%ED%8A%B8%20%EA%B1%B4%EC%82%AC%EB%A3%8C
119,로얄캐닌(Royal Canin),랙돌 어덜트 건사료,CAT,https://marspetcareaprimocdn.petcare.global/f5246721-9190-4338-ab38-b2490007b376/f5246721-9190-4338-ab38-b2490007b376_DownloadAsJpg.jpg,https://search.shopping.naver.com/search/all?query=%EB%A1%9C%EC%96%84%EC%BA%90%EB%8B%8C%20%EB%9E%99%EB%8F%8C%20%EC%96%B4%EB%8D%9C%ED%8A%B8%20%EA%B1%B4%EC%82%AC%EB%A3%8C
120,로얄캐닌(Royal Canin),다이제스티브 케어 건사료 (소화케어 고양이),CAT,https://marspetcareaprimocdn.petcare.global/00dd09d3-2929-406b-b022-b42400bc3cb9/00dd09d3-2929-406b-b022-b42400bc3cb9_DownloadAsJpg.jpg,https://search.shopping.naver.com/search/all?query=%EB%A1%9C%EC%96%84%EC%BA%90%EB%8B%8C%20%EB%8B%A4%EC%9D%B4%EC%A0%9C%EC%8A%A4%ED%8B%B0%EB%B8%8C%20%EC%BC%80%EC%96%B4%20%EA%B1%B4%EC%82%AC%EB%A3%8C%20%28%EC%86%8C%ED%99%94%EC%BC%80%EC%96%B4%20%EA%B3%A0%EC%96%91%EC%9D%B4%29
121,로얄캐닌(Royal Canin),덴탈케어 건사료 (치아케어 고양이),CAT,https://marspetcareaprimocdn.petcare.global/f81a4f26-66e5-4a74-b861-b3b500f84d7a/f81a4f26-66e5-4a74-b861-b3b500f84d7a_DownloadAsJpg.jpg,https://search.shopping.naver.com/search/all?query=%EB%A1%9C%EC%96%84%EC%BA%90%EB%8B%8C%20%EB%8D%B4%ED%83%88%EC%BC%80%EC%96%B4%20%EA%B1%B4%EC%82%AC%EB%A3%8C%20%28%EC%B9%98%EC%95%84%EC%BC%80%EC%96%B4%20%EA%B3%A0%EC%96%91%EC%9D%B4%29
122,로얄캐닌(Royal Canin),세이버 엑시전트 건사료 (까다로운 고양이),CAT,https://marspetcareaprimocdn.petcare.global/d33ba6e1-c2e8-401a-9599-b3f600de1b2e/d33ba6e1-c2e8-401a-9599-b3f600de1b2e_DownloadAsJpg.jpg,https://search.shopping.naver.com/search/all?query=%EB%A1%9C%EC%96%84%EC%BA%90%EB%8B%8C%20%EC%84%B8%EC%9D%B4%EB%B2%84%20%EC%97%91%EC%8B%9C%EC%A0%84%ED%8A%B8%20%EA%B1%B4%EC%82%AC%EB%A3%8C%20%28%EA%B9%8C%EB%8B%A4%EB%A1%9C%EC%9A%B4%20%EA%B3%A0%EC%96%91%EC%9D%B4%29
123,로얄캐닌(Royal Canin),페르시안 키튼 건사료 (페르시안 새끼고양이),CAT,https://marspetcareaprimocdn.petcare.global/a84324aa-a02f-4f97-a7cd-b2490007b348/a84324aa-a02f-4f97-a7cd-b2490007b348_DownloadAsJpg.jpg,https://search.shopping.naver.com/search/all?query=%EB%A1%9C%EC%96%84%EC%BA%90%EB%8B%8C%20%ED%8E%98%EB%A5%B4%EC%8B%9C%EC%95%88%20%ED%82%A4%ED%8A%BC%20%EA%B1%B4%EC%82%AC%EB%A3%8C%20%28%ED%8E%98%EB%A5%B4%EC%8B%9C%EC%95%88%20%EC%83%88%EB%81%BC%EA%B3%A0%EC%96%91%EC%9D%B4%29
124,로얄캐닌(Royal Canin),키튼 건사료 (어린고양이),CAT,https://marspetcareaprimocdn.petcare.global/fa1241ac-7528-4e00-b045-b2490009a695/fa1241ac-7528-4e00-b045-b2490009a695_DownloadAsJpg.jpg,https://search.shopping.naver.com/search/all?query=%EB%A1%9C%EC%96%84%EC%BA%90%EB%8B%8C%20%ED%82%A4%ED%8A%BC%20%EA%B1%B4%EC%82%AC%EB%A3%8C%20%28%EC%96%B4%EB%A6%B0%EA%B3%A0%EC%96%91%EC%9D%B4%29
125,로얄캐닌(Royal Canin),마더 앤 베이비캣 건사료 (임신·수유묘),CAT,https://marspetcareaprimocdn.petcare.global/65b02efe-acc0-435b-8afd-b2490009ae99/65b02efe-acc0-435b-8afd-b2490009ae99_DownloadAsJpg.jpg,https://search.shopping.naver.com/search/all?query=%EB%A1%9C%EC%96%84%EC%BA%90%EB%8B%8C%20%EB%A7%88%EB%8D%94%20%EC%95%A4%20%EB%B2%A0%EC%9D%B4%EB%B9%84%EC%BA%A3%20%EA%B1%B4%EC%82%AC%EB%A3%8C%20%28%EC%9E%84%EC%8B%A0%C2%B7%EC%88%98%EC%9C%A0%EB%AC%98%29
126,로얄캐닌(Royal Canin),베이비캣 밀크 (어린고양이 분유),CAT,https://marspetcareaprimocdn.petcare.global/65142d9e-1e15-4301-b719-b2490009a95f/65142d9e-1e15-4301-b719-b2490009a95f_DownloadAsJpg.jpg,https://search.shopping.naver.com/search/all?query=%EB%A1%9C%EC%96%84%EC%BA%90%EB%8B%8C%20%EB%B2%A0%EC%9D%B4%EB%B9%84%EC%BA%A3%20%EB%B0%80%ED%81%AC%20%28%EC%96%B4%EB%A6%B0%EA%B3%A0%EC%96%91%EC%9D%B4%20%EB%B6%84%EC%9C%A0%29
127,로얄캐닌(Royal Canin),키튼 스테럴라이즈드 건사료 (중성화 새끼고양이),CAT,https://marspetcareaprimocdn.petcare.global/59e0a309-a31e-4e43-af54-b2490009a75d/59e0a309-a31e-4e43-af54-b2490009a75d_DownloadAsJpg.jpg,https://search.shopping.naver.com/search/all?query=%EB%A1%9C%EC%96%84%EC%BA%90%EB%8B%8C%20%ED%82%A4%ED%8A%BC%20%EC%8A%A4%ED%85%8C%EB%9F%B4%EB%9D%BC%EC%9D%B4%EC%A6%88%EB%93%9C%20%EA%B1%B4%EC%82%AC%EB%A3%8C%20%28%EC%A4%91%EC%84%B1%ED%99%94%20%EC%83%88%EB%81%BC%EA%B3%A0%EC%96%91%EC%9D%B4%29
128,로얄캐닌(Royal Canin),키튼 파우치 그레이비 (어린고양이 습식),CAT,https://marspetcareaprimocdn.petcare.global/4b6e2331-f04f-4dce-b952-b2490009a7b0/4b6e2331-f04f-4dce-b952-b2490009a7b0_DownloadAsJpg.jpg,https://search.shopping.naver.com/search/all?query=%EB%A1%9C%EC%96%84%EC%BA%90%EB%8B%8C%20%ED%82%A4%ED%8A%BC%20%ED%8C%8C%EC%9A%B0%EC%B9%98%20%EA%B7%B8%EB%A0%88%EC%9D%B4%EB%B9%84%20%28%EC%96%B4%EB%A6%B0%EA%B3%A0%EC%96%91%EC%9D%B4%20%EC%8A%B5%EC%8B%9D%29
129,로얄캐닌(Royal Canin),센서리 필 젤리 파우치 (고양이 습식),CAT,https://marspetcareaprimocdn.petcare.global/877965ce-0512-4950-9fc8-b1ef00126e23/877965ce-0512-4950-9fc8-b1ef00126e23_DownloadAsJpg.jpg,https://search.shopping.naver.com/search/all?query=%EB%A1%9C%EC%96%84%EC%BA%90%EB%8B%8C%20%EC%84%BC%EC%84%9C%EB%A6%AC%20%ED%95%84%20%EC%A0%A4%EB%A6%AC%20%ED%8C%8C%EC%9A%B0%EC%B9%98%20%28%EA%B3%A0%EC%96%91%EC%9D%B4%20%EC%8A%B5%EC%8B%9D%29
130,로얄캐닌(Royal Canin),인도어 파우치 그레이비 (실내고양이 습식),CAT,https://marspetcareaprimocdn.petcare.global/ed88785a-0aab-4628-98f0-b42c00dc0765/ed88785a-0aab-4628-98f0-b42c00dc0765_DownloadAsJpg.jpg,https://search.shopping.naver.com/search/all?query=%EB%A1%9C%EC%96%84%EC%BA%90%EB%8B%8C%20%EC%9D%B8%EB%8F%84%EC%96%B4%20%ED%8C%8C%EC%9A%B0%EC%B9%98%20%EA%B7%B8%EB%A0%88%EC%9D%B4%EB%B9%84%20%28%EC%8B%A4%EB%82%B4%EA%B3%A0%EC%96%91%EC%9D%B4%20%EC%8A%B5%EC%8B%9D%29
131,힐스(Hill's Science Diet),"어덜트 인도어 건사료 (치킨, 고양이)",CAT,https://pxmshare.colgatepalmolive.com/PNG_500/n-UA0w2VRzPlN6yjFWdtK.png,https://search.shopping.naver.com/search/all?query=%ED%9E%90%EC%8A%A4%20%EC%96%B4%EB%8D%9C%ED%8A%B8%20%EC%9D%B8%EB%8F%84%EC%96%B4%20%EA%B1%B4%EC%82%AC%EB%A3%8C%20%28%EC%B9%98%ED%82%A8%2C%20%EA%B3%A0%EC%96%91%EC%9D%B4%29
132,힐스(Hill's Science Diet),"어덜트 건사료 (치킨, 고양이)",CAT,https://pxmshare.colgatepalmolive.com/PNG_500/58Bta9Ql2q4a4Ihx3bvEk.png,https://search.shopping.naver.com/search/all?query=%ED%9E%90%EC%8A%A4%20%EC%96%B4%EB%8D%9C%ED%8A%B8%20%EA%B1%B4%EC%82%AC%EB%A3%8C%20%28%EC%B9%98%ED%82%A8%2C%20%EA%B3%A0%EC%96%91%EC%9D%B4%29
133,힐스(Hill's Science Diet),"어덜트 퍼펙트 웨이트 건사료 (치킨, 고양이)",CAT,https://pxmshare.colgatepalmolive.com/PNG_500/KWODwIzHH116h89d9Xh-h.png,https://search.shopping.naver.com/search/all?query=%ED%9E%90%EC%8A%A4%20%EC%96%B4%EB%8D%9C%ED%8A%B8%20%ED%8D%BC%ED%8E%99%ED%8A%B8%20%EC%9B%A8%EC%9D%B4%ED%8A%B8%20%EA%B1%B4%EC%82%AC%EB%A3%8C%20%28%EC%B9%98%ED%82%A8%2C%20%EA%B3%A0%EC%96%91%EC%9D%B4%29
134,힐스(Hill's Science Diet),"어덜트 라이트 건사료 (치킨, 고양이)",CAT,https://pxmshare.colgatepalmolive.com/PNG_500/KmvSbGKcxrZge4KIpwLCw.png,https://search.shopping.naver.com/search/all?query=%ED%9E%90%EC%8A%A4%20%EC%96%B4%EB%8D%9C%ED%8A%B8%20%EB%9D%BC%EC%9D%B4%ED%8A%B8%20%EA%B1%B4%EC%82%AC%EB%A3%8C%20%28%EC%B9%98%ED%82%A8%2C%20%EA%B3%A0%EC%96%91%EC%9D%B4%29
135,힐스(Hill's Science Diet),"어덜트 헤어볼 컨트롤 건사료 (치킨, 고양이)",CAT,https://pxmshare.colgatepalmolive.com/PNG_500/dfr9vCIlcob3Nm4v60Yje.png,https://search.shopping.naver.com/search/all?query=%ED%9E%90%EC%8A%A4%20%EC%96%B4%EB%8D%9C%ED%8A%B8%20%ED%97%A4%EC%96%B4%EB%B3%BC%20%EC%BB%A8%ED%8A%B8%EB%A1%A4%20%EA%B1%B4%EC%82%AC%EB%A3%8C%20%28%EC%B9%98%ED%82%A8%2C%20%EA%B3%A0%EC%96%91%EC%9D%B4%29
136,힐스(Hill's Science Diet),"어덜트 헤어볼 컨트롤 라이트 건사료 (치킨, 고양이)",CAT,https://pxmshare.colgatepalmolive.com/PNG_500/3d-i4ztFtVuzO5ZxFo6sm.png,https://search.shopping.naver.com/search/all?query=%ED%9E%90%EC%8A%A4%20%EC%96%B4%EB%8D%9C%ED%8A%B8%20%ED%97%A4%EC%96%B4%EB%B3%BC%20%EC%BB%A8%ED%8A%B8%EB%A1%A4%20%EB%9D%BC%EC%9D%B4%ED%8A%B8%20%EA%B1%B4%EC%82%AC%EB%A3%8C%20%28%EC%B9%98%ED%82%A8%2C%20%EA%B3%A0%EC%96%91%EC%9D%B4%29
137,힐스(Hill's Science Diet),"유리너리 헤어볼 컨트롤 건사료 (치킨 & 라이스, 고양이)",CAT,https://pxmshare.colgatepalmolive.com/PNG_500/hZNiYBR749I_K3nB1CQzE.png,https://search.shopping.naver.com/search/all?query=%ED%9E%90%EC%8A%A4%20%EC%9C%A0%EB%A6%AC%EB%84%88%EB%A6%AC%20%ED%97%A4%EC%96%B4%EB%B3%BC%20%EC%BB%A8%ED%8A%B8%EB%A1%A4%20%EA%B1%B4%EC%82%AC%EB%A3%8C%20%28%EC%B9%98%ED%82%A8%20%26%20%EB%9D%BC%EC%9D%B4%EC%8A%A4%2C%20%EA%B3%A0%EC%96%91%EC%9D%B4%29
138,힐스(Hill's Science Diet),어덜트 연어 & 현미 건사료 (고양이),CAT,https://pxmshare.colgatepalmolive.com/PNG_500/AscOPX8iboWBssTXkEbLN.png,https://search.shopping.naver.com/search/all?query=%ED%9E%90%EC%8A%A4%20%EC%96%B4%EB%8D%9C%ED%8A%B8%20%EC%97%B0%EC%96%B4%20%26%20%ED%98%84%EB%AF%B8%20%EA%B1%B4%EC%82%AC%EB%A3%8C%20%28%EA%B3%A0%EC%96%91%EC%9D%B4%29
139,힐스(Hill's Science Diet),"어덜트 퍼펙트 다이제스천 건사료 (연어, 고양이)",CAT,https://pxmshare.colgatepalmolive.com/PNG_500/WqagWCrmJ5BGJVELTbFC0.png,https://search.shopping.naver.com/search/all?query=%ED%9E%90%EC%8A%A4%20%EC%96%B4%EB%8D%9C%ED%8A%B8%20%ED%8D%BC%ED%8E%99%ED%8A%B8%20%EB%8B%A4%EC%9D%B4%EC%A0%9C%EC%8A%A4%EC%B2%9C%20%EA%B1%B4%EC%82%AC%EB%A3%8C%20%28%EC%97%B0%EC%96%B4%2C%20%EA%B3%A0%EC%96%91%EC%9D%B4%29
140,힐스(Hill's Science Diet),"어덜트 7+ 인도어 건사료 (치킨, 시니어 고양이)",CAT,https://pxmshare.colgatepalmolive.com/PNG_500/Xwz92C_U0ib60qMhsLFqC.png,https://search.shopping.naver.com/search/all?query=%ED%9E%90%EC%8A%A4%20%EC%96%B4%EB%8D%9C%ED%8A%B8%207%2B%20%EC%9D%B8%EB%8F%84%EC%96%B4%20%EA%B1%B4%EC%82%AC%EB%A3%8C%20%28%EC%B9%98%ED%82%A8%2C%20%EC%8B%9C%EB%8B%88%EC%96%B4%20%EA%B3%A0%EC%96%91%EC%9D%B4%29
141,힐스(Hill's Science Diet),"어덜트 7+ 헤어볼 컨트롤 건사료 (치킨, 시니어 고양이)",CAT,https://pxmshare.colgatepalmolive.com/PNG_500/ZDHcvLqrSF0EmOZIuXoxY.png,https://search.shopping.naver.com/search/all?query=%ED%9E%90%EC%8A%A4%20%EC%96%B4%EB%8D%9C%ED%8A%B8%207%2B%20%ED%97%A4%EC%96%B4%EB%B3%BC%20%EC%BB%A8%ED%8A%B8%EB%A1%A4%20%EA%B1%B4%EC%82%AC%EB%A3%8C%20%28%EC%B9%98%ED%82%A8%2C%20%EC%8B%9C%EB%8B%88%EC%96%B4%20%EA%B3%A0%EC%96%91%EC%9D%B4%29
142,힐스(Hill's Science Diet),"어덜트 11+ 건사료 (치킨, 노령 고양이)",CAT,https://pxmshare.colgatepalmolive.com/PNG_500/PPvF5b1QDr_GXWmOWPADC.png,https://search.shopping.naver.com/search/all?query=%ED%9E%90%EC%8A%A4%20%EC%96%B4%EB%8D%9C%ED%8A%B8%2011%2B%20%EA%B1%B4%EC%82%AC%EB%A3%8C%20%28%EC%B9%98%ED%82%A8%2C%20%EB%85%B8%EB%A0%B9%20%EA%B3%A0%EC%96%91%EC%9D%B4%29
143,힐스(Hill's Science Diet),"어덜트 11+ 인도어 건사료 (치킨, 노령 실내 고양이)",CAT,https://pxmshare.colgatepalmolive.com/PNG_500/2GVHzojAlYZC2svSaT-c0.png,https://search.shopping.naver.com/search/all?query=%ED%9E%90%EC%8A%A4%20%EC%96%B4%EB%8D%9C%ED%8A%B8%2011%2B%20%EC%9D%B8%EB%8F%84%EC%96%B4%20%EA%B1%B4%EC%82%AC%EB%A3%8C%20%28%EC%B9%98%ED%82%A8%2C%20%EB%85%B8%EB%A0%B9%20%EC%8B%A4%EB%82%B4%20%EA%B3%A0%EC%96%91%EC%9D%B4%29
144,힐스(Hill's Science Diet),"키튼 건사료 (치킨, 새끼고양이)",CAT,https://pxmshare.colgatepalmolive.com/PNG_500/3vvxLiiY9lMgdJnoTnANP.png,https://search.shopping.naver.com/search/all?query=%ED%9E%90%EC%8A%A4%20%ED%82%A4%ED%8A%BC%20%EA%B1%B4%EC%82%AC%EB%A3%8C%20%28%EC%B9%98%ED%82%A8%2C%20%EC%83%88%EB%81%BC%EA%B3%A0%EC%96%91%EC%9D%B4%29
145,힐스(Hill's Science Diet),"키튼 센서티브 스토막 & 스킨 건사료 (연어 & 현미, 새끼고양이)",CAT,https://pxmshare.colgatepalmolive.com/PNG_500/WZiZFwFGupvD3KcLxo8S1.png,https://search.shopping.naver.com/search/all?query=%ED%9E%90%EC%8A%A4%20%ED%82%A4%ED%8A%BC%20%EC%84%BC%EC%84%9C%ED%8B%B0%EB%B8%8C%20%EC%8A%A4%ED%86%A0%EB%A7%89%20%26%20%EC%8A%A4%ED%82%A8%20%EA%B1%B4%EC%82%AC%EB%A3%8C%20%28%EC%97%B0%EC%96%B4%20%26%20%ED%98%84%EB%AF%B8%2C%20%EC%83%88%EB%81%BC%EA%B3%A0%EC%96%91%EC%9D%B4%29
146,퓨리나 프로플랜(Purina Pro Plan),어덜트 치킨앤라이스 건사료 (고양이),CAT,,https://search.shopping.naver.com/search/all?query=%ED%93%A8%EB%A6%AC%EB%82%98%20%ED%94%84%EB%A1%9C%ED%94%8C%EB%9E%9C%20%EC%96%B4%EB%8D%9C%ED%8A%B8%20%EC%B9%98%ED%82%A8%EC%95%A4%EB%9D%BC%EC%9D%B4%EC%8A%A4%20%EA%B1%B4%EC%82%AC%EB%A3%8C%20%28%EA%B3%A0%EC%96%91%EC%9D%B4%29
147,퓨리나 프로플랜(Purina Pro Plan),어덜트 살몬앤라이스 건사료 (고양이),CAT,,https://search.shopping.naver.com/search/all?query=%ED%93%A8%EB%A6%AC%EB%82%98%20%ED%94%84%EB%A1%9C%ED%94%8C%EB%9E%9C%20%EC%96%B4%EB%8D%9C%ED%8A%B8%20%EC%82%B4%EB%AA%AC%EC%95%A4%EB%9D%BC%EC%9D%B4%EC%8A%A4%20%EA%B1%B4%EC%82%AC%EB%A3%8C%20%28%EA%B3%A0%EC%96%91%EC%9D%B4%29
148,퓨리나 프로플랜(Purina Pro Plan),어덜트 인도어 치킨앤라이스 건사료 (고양이),CAT,,https://search.shopping.naver.com/search/all?query=%ED%93%A8%EB%A6%AC%EB%82%98%20%ED%94%84%EB%A1%9C%ED%94%8C%EB%9E%9C%20%EC%96%B4%EB%8D%9C%ED%8A%B8%20%EC%9D%B8%EB%8F%84%EC%96%B4%20%EC%B9%98%ED%82%A8%EC%95%A4%EB%9D%BC%EC%9D%B4%EC%8A%A4%20%EA%B1%B4%EC%82%AC%EB%A3%8C%20%28%EA%B3%A0%EC%96%91%EC%9D%B4%29
149,퓨리나 프로플랜(Purina Pro Plan),시니어 7+ 치킨앤라이스 건사료 (고양이),CAT,,https://search.shopping.naver.com/search/all?query=%ED%93%A8%EB%A6%AC%EB%82%98%20%ED%94%84%EB%A1%9C%ED%94%8C%EB%9E%9C%20%EC%8B%9C%EB%8B%88%EC%96%B4%207%2B%20%EC%B9%98%ED%82%A8%EC%95%A4%EB%9D%BC%EC%9D%B4%EC%8A%A4%20%EA%B1%B4%EC%82%AC%EB%A3%8C%20%28%EA%B3%A0%EC%96%91%EC%9D%B4%29
150,퓨리나 프로플랜(Purina Pro Plan),키튼 치킨앤라이스 건사료 (새끼고양이),CAT,,https://search.shopping.naver.com/search/all?query=%ED%93%A8%EB%A6%AC%EB%82%98%20%ED%94%84%EB%A1%9C%ED%94%8C%EB%9E%9C%20%ED%82%A4%ED%8A%BC%20%EC%B9%98%ED%82%A8%EC%95%A4%EB%9D%BC%EC%9D%B4%EC%8A%A4%20%EA%B1%B4%EC%82%AC%EB%A3%8C%20%28%EC%83%88%EB%81%BC%EA%B3%A0%EC%96%91%EC%9D%B4%29
151,퓨리나 원(Purina ONE),인도어 어덜트 참치앤라이스 건사료 (고양이),CAT,,https://search.shopping.naver.com/search/all?query=%ED%93%A8%EB%A6%AC%EB%82%98%20%EC%9B%90%20%EC%9D%B8%EB%8F%84%EC%96%B4%20%EC%96%B4%EB%8D%9C%ED%8A%B8%20%EC%B0%B8%EC%B9%98%EC%95%A4%EB%9D%BC%EC%9D%B4%EC%8A%A4%20%EA%B1%B4%EC%82%AC%EB%A3%8C%20%28%EA%B3%A0%EC%96%91%EC%9D%B4%29
152,퓨리나 원(Purina ONE),어덜트 치킨앤라이스 건사료 (고양이),CAT,,https://search.shopping.naver.com/search/all?query=%ED%93%A8%EB%A6%AC%EB%82%98%20%EC%9B%90%20%EC%96%B4%EB%8D%9C%ED%8A%B8%20%EC%B9%98%ED%82%A8%EC%95%A4%EB%9D%BC%EC%9D%B4%EC%8A%A4%20%EA%B1%B4%EC%82%AC%EB%A3%8C%20%28%EA%B3%A0%EC%96%91%EC%9D%B4%29
153,퓨리나 원(Purina ONE),인도어 어덜트 연어 건사료 (고양이),CAT,,https://search.shopping.naver.com/search/all?query=%ED%93%A8%EB%A6%AC%EB%82%98%20%EC%9B%90%20%EC%9D%B8%EB%8F%84%EC%96%B4%20%EC%96%B4%EB%8D%9C%ED%8A%B8%20%EC%97%B0%EC%96%B4%20%EA%B1%B4%EC%82%AC%EB%A3%8C%20%28%EA%B3%A0%EC%96%91%EC%9D%B4%29
154,퓨리나 원(Purina ONE),헤어볼 어덜트 건사료 (고양이),CAT,,https://search.shopping.naver.com/search/all?query=%ED%93%A8%EB%A6%AC%EB%82%98%20%EC%9B%90%20%ED%97%A4%EC%96%B4%EB%B3%BC%20%EC%96%B4%EB%8D%9C%ED%8A%B8%20%EA%B1%B4%EC%82%AC%EB%A3%8C%20%28%EA%B3%A0%EC%96%91%EC%9D%B4%29
155,퓨리나 원(Purina ONE),키튼 치킨앤라이스 건사료 (새끼고양이),CAT,,https://search.shopping.naver.com/search/all?query=%ED%93%A8%EB%A6%AC%EB%82%98%20%EC%9B%90%20%ED%82%A4%ED%8A%BC%20%EC%B9%98%ED%82%A8%EC%95%A4%EB%9D%BC%EC%9D%B4%EC%8A%A4%20%EA%B1%B4%EC%82%AC%EB%A3%8C%20%28%EC%83%88%EB%81%BC%EA%B3%A0%EC%96%91%EC%9D%B4%29
156,오리젠(ORIJEN),오리지날 캣&키튼 건사료,CAT,,https://search.shopping.naver.com/search/all?query=%EC%98%A4%EB%A6%AC%EC%A0%A0%20%EC%98%A4%EB%A6%AC%EC%A7%80%EB%82%A0%20%EC%BA%A3%26%ED%82%A4%ED%8A%BC%20%EA%B1%B4%EC%82%AC%EB%A3%8C
157,오리젠(ORIJEN),식스 피쉬 캣&키튼 건사료,CAT,,https://search.shopping.naver.com/search/all?query=%EC%98%A4%EB%A6%AC%EC%A0%A0%20%EC%8B%9D%EC%8A%A4%20%ED%94%BC%EC%89%AC%20%EC%BA%A3%26%ED%82%A4%ED%8A%BC%20%EA%B1%B4%EC%82%AC%EB%A3%8C
158,오리젠(ORIJEN),피트 캣 건사료,CAT,,https://search.shopping.naver.com/search/all?query=%EC%98%A4%EB%A6%AC%EC%A0%A0%20%ED%94%BC%ED%8A%B8%20%EC%BA%A3%20%EA%B1%B4%EC%82%AC%EB%A3%8C
159,오리젠(ORIJEN),레어&원 런보레인디어 캣 건사료,CAT,,https://search.shopping.naver.com/search/all?query=%EC%98%A4%EB%A6%AC%EC%A0%A0%20%EB%A0%88%EC%96%B4%26%EC%9B%90%20%EB%9F%B0%EB%B3%B4%EB%A0%88%EC%9D%B8%EB%94%94%EC%96%B4%20%EC%BA%A3%20%EA%B1%B4%EC%82%AC%EB%A3%8C
160,쉬바(Sheba),퍼펙트 포션 참치 파우치 (고양이),CAT,,https://search.shopping.naver.com/search/all?query=%EC%89%AC%EB%B0%94%20%ED%8D%BC%ED%8E%99%ED%8A%B8%20%ED%8F%AC%EC%85%98%20%EC%B0%B8%EC%B9%98%20%ED%8C%8C%EC%9A%B0%EC%B9%98%20%28%EA%B3%A0%EC%96%91%EC%9D%B4%29
161,쉬바(Sheba),퍼펙트 포션 치킨 파우치 (고양이),CAT,,https://search.shopping.naver.com/search/all?query=%EC%89%AC%EB%B0%94%20%ED%8D%BC%ED%8E%99%ED%8A%B8%20%ED%8F%AC%EC%85%98%20%EC%B9%98%ED%82%A8%20%ED%8C%8C%EC%9A%B0%EC%B9%98%20%28%EA%B3%A0%EC%96%91%EC%9D%B4%29
162,쉬바(Sheba),시그니처 브로스 참치앤야채 파우치 (고양이),CAT,,https://search.shopping.naver.com/search/all?query=%EC%89%AC%EB%B0%94%20%EC%8B%9C%EA%B7%B8%EB%8B%88%EC%B2%98%20%EB%B8%8C%EB%A1%9C%EC%8A%A4%20%EC%B0%B8%EC%B9%98%EC%95%A4%EC%95%BC%EC%B1%84%20%ED%8C%8C%EC%9A%B0%EC%B9%98%20%28%EA%B3%A0%EC%96%91%EC%9D%B4%29
163,쉬바(Sheba),시그니처 브로스 치킨앤야채 파우치 (고양이),CAT,,https://search.shopping.naver.com/search/all?query=%EC%89%AC%EB%B0%94%20%EC%8B%9C%EA%B7%B8%EB%8B%88%EC%B2%98%20%EB%B8%8C%EB%A1%9C%EC%8A%A4%20%EC%B9%98%ED%82%A8%EC%95%A4%EC%95%BC%EC%B1%84%20%ED%8C%8C%EC%9A%B0%EC%B9%98%20%28%EA%B3%A0%EC%96%91%EC%9D%B4%29
164,쉬바(Sheba),어덜트 참치 트레이 (고양이),CAT,,https://search.shopping.naver.com/search/all?query=%EC%89%AC%EB%B0%94%20%EC%96%B4%EB%8D%9C%ED%8A%B8%20%EC%B0%B8%EC%B9%98%20%ED%8A%B8%EB%A0%88%EC%9D%B4%20%28%EA%B3%A0%EC%96%91%EC%9D%B4%29
165,쉬바(Sheba),어덜트 치킨 트레이 (고양이),CAT,,https://search.shopping.naver.com/search/all?query=%EC%89%AC%EB%B0%94%20%EC%96%B4%EB%8D%9C%ED%8A%B8%20%EC%B9%98%ED%82%A8%20%ED%8A%B8%EB%A0%88%EC%9D%B4%20%28%EA%B3%A0%EC%96%91%EC%9D%B4%29
166,쉬바(Sheba),미니 캔 참치 (고양이),CAT,,https://search.shopping.naver.com/search/all?query=%EC%89%AC%EB%B0%94%20%EB%AF%B8%EB%8B%88%20%EC%BA%94%20%EC%B0%B8%EC%B9%98%20%28%EA%B3%A0%EC%96%91%EC%9D%B4%29
167,위스카스(Whiskas),어덜트 닭고기 건사료 (고양이),CAT,,https://search.shopping.naver.com/search/all?query=%EC%9C%84%EC%8A%A4%EC%B9%B4%EC%8A%A4%20%EC%96%B4%EB%8D%9C%ED%8A%B8%20%EB%8B%AD%EA%B3%A0%EA%B8%B0%20%EA%B1%B4%EC%82%AC%EB%A3%8C%20%28%EA%B3%A0%EC%96%91%EC%9D%B4%29
168,위스카스(Whiskas),어덜트 참치 건사료 (고양이),CAT,,https://search.shopping.naver.com/search/all?query=%EC%9C%84%EC%8A%A4%EC%B9%B4%EC%8A%A4%20%EC%96%B4%EB%8D%9C%ED%8A%B8%20%EC%B0%B8%EC%B9%98%20%EA%B1%B4%EC%82%AC%EB%A3%8C%20%28%EA%B3%A0%EC%96%91%EC%9D%B4%29
169,위스카스(Whiskas),어덜트 해산물 건사료 (고양이),CAT,,https://search.shopping.naver.com/search/all?query=%EC%9C%84%EC%8A%A4%EC%B9%B4%EC%8A%A4%20%EC%96%B4%EB%8D%9C%ED%8A%B8%20%ED%95%B4%EC%82%B0%EB%AC%BC%20%EA%B1%B4%EC%82%AC%EB%A3%8C%20%28%EA%B3%A0%EC%96%91%EC%9D%B4%29
170,위스카스(Whiskas),키튼 닭고기 건사료 (새끼고양이),CAT,,https://search.shopping.naver.com/search/all?query=%EC%9C%84%EC%8A%A4%EC%B9%B4%EC%8A%A4%20%ED%82%A4%ED%8A%BC%20%EB%8B%AD%EA%B3%A0%EA%B8%B0%20%EA%B1%B4%EC%82%AC%EB%A3%8C%20%28%EC%83%88%EB%81%BC%EA%B3%A0%EC%96%91%EC%9D%B4%29
171,위스카스(Whiskas),어덜트 닭고기 파우치 (고양이),CAT,,https://search.shopping.naver.com/search/all?query=%EC%9C%84%EC%8A%A4%EC%B9%B4%EC%8A%A4%20%EC%96%B4%EB%8D%9C%ED%8A%B8%20%EB%8B%AD%EA%B3%A0%EA%B8%B0%20%ED%8C%8C%EC%9A%B0%EC%B9%98%20%28%EA%B3%A0%EC%96%91%EC%9D%B4%29
172,위스카스(Whiskas),어덜트 참치 파우치 (고양이),CAT,,https://search.shopping.naver.com/search/all?query=%EC%9C%84%EC%8A%A4%EC%B9%B4%EC%8A%A4%20%EC%96%B4%EB%8D%9C%ED%8A%B8%20%EC%B0%B8%EC%B9%98%20%ED%8C%8C%EC%9A%B0%EC%B9%98%20%28%EA%B3%A0%EC%96%91%EC%9D%B4%29
173,내추럴코어(Natural Core),오가닉 100 어덜트 치킨 건사료 (고양이),CAT,,https://search.shopping.naver.com/search/all?query=%EB%82%B4%EC%B6%94%EB%9F%B4%EC%BD%94%EC%96%B4%20%EC%98%A4%EA%B0%80%EB%8B%89%20100%20%EC%96%B4%EB%8D%9C%ED%8A%B8%20%EC%B9%98%ED%82%A8%20%EA%B1%B4%EC%82%AC%EB%A3%8C%20%28%EA%B3%A0%EC%96%91%EC%9D%B4%29
174,내추럴코어(Natural Core),에코 그레인프리 연어 건사료 (고양이),CAT,,https://search.shopping.naver.com/search/all?query=%EB%82%B4%EC%B6%94%EB%9F%B4%EC%BD%94%EC%96%B4%20%EC%97%90%EC%BD%94%20%EA%B7%B8%EB%A0%88%EC%9D%B8%ED%94%84%EB%A6%AC%20%EC%97%B0%EC%96%B4%20%EA%B1%B4%EC%82%AC%EB%A3%8C%20%28%EA%B3%A0%EC%96%91%EC%9D%B4%29
175,내추럴코어(Natural Core),에코 그레인프리 참치 건사료 (고양이),CAT,,https://search.shopping.naver.com/search/all?query=%EB%82%B4%EC%B6%94%EB%9F%B4%EC%BD%94%EC%96%B4%20%EC%97%90%EC%BD%94%20%EA%B7%B8%EB%A0%88%EC%9D%B8%ED%94%84%EB%A6%AC%20%EC%B0%B8%EC%B9%98%20%EA%B1%B4%EC%82%AC%EB%A3%8C%20%28%EA%B3%A0%EC%96%91%EC%9D%B4%29
176,내추럴코어(Natural Core),오가닉 100 키튼 치킨 건사료 (새끼고양이),CAT,,https://search.shopping.naver.com/search/all?query=%EB%82%B4%EC%B6%94%EB%9F%B4%EC%BD%94%EC%96%B4%20%EC%98%A4%EA%B0%80%EB%8B%89%20100%20%ED%82%A4%ED%8A%BC%20%EC%B9%98%ED%82%A8%20%EA%B1%B4%EC%82%AC%EB%A3%8C%20%28%EC%83%88%EB%81%BC%EA%B3%A0%EC%96%91%EC%9D%B4%29
177,내추럴코어(Natural Core),멀티 프로테인 어덜트 건사료 (고양이),CAT,,https://search.shopping.naver.com/search/all?query=%EB%82%B4%EC%B6%94%EB%9F%B4%EC%BD%94%EC%96%B4%20%EB%A9%80%ED%8B%B0%20%ED%94%84%EB%A1%9C%ED%85%8C%EC%9D%B8%20%EC%96%B4%EB%8D%9C%ED%8A%B8%20%EA%B1%B4%EC%82%AC%EB%A3%8C%20%28%EA%B3%A0%EC%96%91%EC%9D%B4%29
178,지위피크(ZIWI Peak),에어드라이드 뉴질랜드 램 캣,CAT,,https://search.shopping.naver.com/search/all?query=%EC%A7%80%EC%9C%84%ED%94%BC%ED%81%AC%20%EC%97%90%EC%96%B4%EB%93%9C%EB%9D%BC%EC%9D%B4%EB%93%9C%20%EB%89%B4%EC%A7%88%EB%9E%9C%EB%93%9C%20%EB%9E%A8%20%EC%BA%A3
179,지위피크(ZIWI Peak),에어드라이드 뉴질랜드 치킨 캣,CAT,,https://search.shopping.naver.com/search/all?query=%EC%A7%80%EC%9C%84%ED%94%BC%ED%81%AC%20%EC%97%90%EC%96%B4%EB%93%9C%EB%9D%BC%EC%9D%B4%EB%93%9C%20%EB%89%B4%EC%A7%88%EB%9E%9C%EB%93%9C%20%EC%B9%98%ED%82%A8%20%EC%BA%A3
180,지위피크(ZIWI Peak),에어드라이드 뉴질랜드 맥케럴앤램 캣,CAT,,https://search.shopping.naver.com/search/all?query=%EC%A7%80%EC%9C%84%ED%94%BC%ED%81%AC%20%EC%97%90%EC%96%B4%EB%93%9C%EB%9D%BC%EC%9D%B4%EB%93%9C%20%EB%89%B4%EC%A7%88%EB%9E%9C%EB%93%9C%20%EB%A7%A5%EC%BC%80%EB%9F%B4%EC%95%A4%EB%9E%A8%20%EC%BA%A3
181,지위피크(ZIWI Peak),에어드라이드 뉴질랜드 비프 캣,CAT,,https://search.shopping.naver.com/search/all?query=%EC%A7%80%EC%9C%84%ED%94%BC%ED%81%AC%20%EC%97%90%EC%96%B4%EB%93%9C%EB%9D%BC%EC%9D%B4%EB%93%9C%20%EB%89%B4%EC%A7%88%EB%9E%9C%EB%93%9C%20%EB%B9%84%ED%94%84%20%EC%BA%A3
182,지위피크(ZIWI Peak),에어드라이드 뉴질랜드 레인디어 캣,CAT,,https://search.shopping.naver.com/search/all?query=%EC%A7%80%EC%9C%84%ED%94%BC%ED%81%AC%20%EC%97%90%EC%96%B4%EB%93%9C%EB%9D%BC%EC%9D%B4%EB%93%9C%20%EB%89%B4%EC%A7%88%EB%9E%9C%EB%93%9C%20%EB%A0%88%EC%9D%B8%EB%94%94%EC%96%B4%20%EC%BA%A3
183,웰니스(Wellness),코어 그레인프리 오리지날 캣 건사료,CAT,,https://search.shopping.naver.com/search/all?query=%EC%9B%B0%EB%8B%88%EC%8A%A4%20%EC%BD%94%EC%96%B4%20%EA%B7%B8%EB%A0%88%EC%9D%B8%ED%94%84%EB%A6%AC%20%EC%98%A4%EB%A6%AC%EC%A7%80%EB%82%A0%20%EC%BA%A3%20%EA%B1%B4%EC%82%AC%EB%A3%8C
184,웰니스(Wellness),컴플리트 헬스 어덜트 참치앤연어 건사료 (고양이),CAT,,https://search.shopping.naver.com/search/all?query=%EC%9B%B0%EB%8B%88%EC%8A%A4%20%EC%BB%B4%ED%94%8C%EB%A6%AC%ED%8A%B8%20%ED%97%AC%EC%8A%A4%20%EC%96%B4%EB%8D%9C%ED%8A%B8%20%EC%B0%B8%EC%B9%98%EC%95%A4%EC%97%B0%EC%96%B4%20%EA%B1%B4%EC%82%AC%EB%A3%8C%20%28%EA%B3%A0%EC%96%91%EC%9D%B4%29
185,웰니스(Wellness),심플 리미티드 인그리디언트 연어 건사료 (고양이),CAT,,https://search.shopping.naver.com/search/all?query=%EC%9B%B0%EB%8B%88%EC%8A%A4%20%EC%8B%AC%ED%94%8C%20%EB%A6%AC%EB%AF%B8%ED%8B%B0%EB%93%9C%20%EC%9D%B8%EA%B7%B8%EB%A6%AC%EB%94%94%EC%96%B8%ED%8A%B8%20%EC%97%B0%EC%96%B4%20%EA%B1%B4%EC%82%AC%EB%A3%8C%20%28%EA%B3%A0%EC%96%91%EC%9D%B4%29
186,웰니스(Wellness),코어 그레인프리 키튼 건사료,CAT,,https://search.shopping.naver.com/search/all?query=%EC%9B%B0%EB%8B%88%EC%8A%A4%20%EC%BD%94%EC%96%B4%20%EA%B7%B8%EB%A0%88%EC%9D%B8%ED%94%84%EB%A6%AC%20%ED%82%A4%ED%8A%BC%20%EA%B1%B4%EC%82%AC%EB%A3%8C
187,웰니스(Wellness),헬씨 인달전스 참치앤연어 파우치 (고양이),CAT,,https://search.shopping.naver.com/search/all?query=%EC%9B%B0%EB%8B%88%EC%8A%A4%20%ED%97%AC%EC%94%A8%20%EC%9D%B8%EB%8B%AC%EC%A0%84%EC%8A%A4%20%EC%B0%B8%EC%B9%98%EC%95%A4%EC%97%B0%EC%96%B4%20%ED%8C%8C%EC%9A%B0%EC%B9%98%20%28%EA%B3%A0%EC%96%91%EC%9D%B4%29
