foodId,brandName,productName,petType,caloriesPer100g,proteinG,fatG,carbohydrateG,imageUrl,purchaseUrl
127,오리젠(ORIJEN),식스피쉬 독,DOG,376.00,39.00,19.00,,http://shop1.phinf.naver.net/20230728_32/16905262997883kGC5_JPEG/36542883332601361_296439405.jpg,https://search.shopping.naver.com/search/all?query=%EC%98%A4%EB%A6%AC%EC%A0%A0%20%EC%8B%9D%EC%8A%A4%ED%94%BC%EC%89%AC%20%EB%8F%85
128,오리젠(ORIJEN),퍼피,DOG,400.00,38.00,20.00,,https://thumbnail8.coupangcdn.com/thumbnails/remote/492x492ex/image/vendor_inventory/be1f/fbf3d6435d5e7e03f8d6d902e2781553611801cfbbf75c173d7bb819e543.png,https://search.shopping.naver.com/search/all?query=%EC%98%A4%EB%A6%AC%EC%A0%A0%20%ED%8D%BC%ED%94%BC
129,오리젠(ORIJEN),핏 앤 트림,DOG,349.00,40.00,13.00,,http://shop1.phinf.naver.net/20230208_199/1675840461224C9uo6_JPEG/76976240908123900_1710765372.jpg,https://search.shopping.naver.com/search/all?query=%EC%98%A4%EB%A6%AC%EC%A0%A0%20%ED%95%8F%20%EC%95%A4%20%ED%8A%B8%EB%A6%BC
130,아카나(ACANA),와일드 프레이리 독,DOG,385.00,31.00,17.00,34.00,https://img.dogpre.com/mobile/dogpre/product/49/48464_original_01126653.png,https://search.shopping.naver.com/search/all?query=%EC%95%84%EC%B9%B4%EB%82%98%20%EC%99%80%EC%9D%BC%EB%93%9C%20%ED%94%84%EB%A0%88%EC%9D%B4%EB%A6%AC%20%EB%8F%85
131,아카나(ACANA),라이트 앤 피트,DOG,311.00,35.00,9.00,24.00,http://shop1.phinf.naver.net/20221212_15/1670828775560kX4EF_PNG/71964559051167122_1957350954.png,https://search.shopping.naver.com/search/all?query=%EC%95%84%EC%B9%B4%EB%82%98%20%EB%9D%BC%EC%9D%B4%ED%8A%B8%20%EC%95%A4%20%ED%94%BC%ED%8A%B8
132,지위픽(ZIWI PEAK),치킨 with 오처드 프루트,DOG,430.00,36.00,26.00,1.00,http://shop1.phinf.naver.net/20191209_20/1575880369745S1rF1_PNG/13243758277924130_984793435.png,https://search.shopping.naver.com/search/all?query=%EC%A7%80%EC%9C%84%ED%94%BD%20%EC%B9%98%ED%82%A8%20with%20%EC%98%A4%EC%B2%98%EB%93%9C%20%ED%94%84%EB%A3%A8%ED%8A%B8
133,지위픽(ZIWI PEAK),맥커럴 & 램,DOG,450.00,36.00,26.00,1.00,http://image.g9.co.kr/g/1467894998/n,https://search.shopping.naver.com/search/all?query=%EC%A7%80%EC%9C%84%ED%94%BD%20%EB%A7%A5%EC%BB%A4%EB%9F%B4%20%26%20%EB%9E%A8
134,나우(NOW FRESH),그레인프리 라지브리드 어덜트,DOG,357.30,28.00,14.00,,https://img.danuri.io/catalog-image/376/242/007/5315e10241d74ff0819c230d3e8a9cc4.jpg,https://search.shopping.naver.com/search/all?query=%EB%82%98%EC%9A%B0%20%EA%B7%B8%EB%A0%88%EC%9D%B8%ED%94%84%EB%A6%AC%20%EB%9D%BC%EC%A7%80%EB%B8%8C%EB%A6%AC%EB%93%9C%20%EC%96%B4%EB%8D%9C%ED%8A%B8
135,웰니스(Wellness),컴플리트 헬스 비프&발리,DOG,355.00,25.00,14.00,38.00,http://imgnews.naver.net/image/5366/2025/10/05/2025100508505706499fbbec65dfb210178127232_20251005085213600.jpg,https://search.shopping.naver.com/search/all?query=%EC%9B%B0%EB%8B%88%EC%8A%A4%20%EC%BB%B4%ED%94%8C%EB%A6%AC%ED%8A%B8%20%ED%97%AC%EC%8A%A4%20%EB%B9%84%ED%94%84%26%EB%B0%9C%EB%A6%AC
136,블루버팔로(Blue Buffalo),라이프 프로텍션 라지브리드 시니어,DOG,343.60,20.00,10.00,,https://shop-phinf.pstatic.net/20240928_289/1727498661659P9lwR_JPEG/7074025527832961_440669278.jpg,https://search.shopping.naver.com/search/all?query=%EB%B8%94%EB%A3%A8%EB%B2%84%ED%8C%94%EB%A1%9C%20%EB%9D%BC%EC%9D%B4%ED%94%84%20%ED%94%84%EB%A1%9C%ED%85%8D%EC%85%98%20%EB%9D%BC%EC%A7%80%EB%B8%8C%EB%A6%AC%EB%93%9C%20%EC%8B%9C%EB%8B%88%EC%96%B4
137,브릿(Brit Care),그레인프리 시니어 라이트 살몬,DOG,341.00,25.00,12.00,,https://thumbnail.coupangcdn.com/thumbnails/remote/492x492ex/image/vendor_inventory/52b0/2f5e238474b027952f418647e0ac0edd94dc0b25319d3339374c5de17282.jpg,https://search.shopping.naver.com/search/all?query=%EB%B8%8C%EB%A6%BF%20%EA%B7%B8%EB%A0%88%EC%9D%B8%ED%94%84%EB%A6%AC%20%EC%8B%9C%EB%8B%88%EC%96%B4%20%EB%9D%BC%EC%9D%B4%ED%8A%B8%20%EC%82%B4%EB%AA%AC
138,파리나(Farmina),N&D 퀴노아 웨이트 매니지먼트 램,DOG,313.50,28.00,8.00,,https://ak-d.tripcdn.com/images/0225b12000lbuqky2016B_R_960_660_R5_D.jpg,https://search.shopping.naver.com/search/all?query=%ED%8C%8C%EB%A6%AC%EB%82%98%20N%26D%20%ED%80%B4%EB%85%B8%EC%95%84%20%EC%9B%A8%EC%9D%B4%ED%8A%B8%20%EB%A7%A4%EB%8B%88%EC%A7%80%EB%A8%BC%ED%8A%B8%20%EB%9E%A8
139,K9 내추럴,램 피스트 프리즈드라이드,DOG,503.00,41.00,34.00,3.00,https://img.danuri.io/catalog-image/552/461/096/d9d16f75542940ea8a7987ad6ab01594.jpg,https://search.shopping.naver.com/search/all?query=K9%20%EB%82%B4%EC%B6%94%EB%9F%B4%20%EB%9E%A8%20%ED%94%BC%EC%8A%A4%ED%8A%B8%20%ED%94%84%EB%A6%AC%EC%A6%88%EB%93%9C%EB%9D%BC%EC%9D%B4%EB%93%9C
140,프리멀(Primal),프리즈드라이드 로우 너겟 래빗,DOG,485.70,60.40,20.87,,http://shop1.phinf.naver.net/20180201_68/doristar52_1517454932255i92EV_JPEG/40761232776245955_1883485064.jpg,https://search.shopping.naver.com/search/all?query=%ED%94%84%EB%A6%AC%EB%A9%80%20%ED%94%84%EB%A6%AC%EC%A6%88%EB%93%9C%EB%9D%BC%EC%9D%B4%EB%93%9C%20%EB%A1%9C%EC%9A%B0%20%EB%84%88%EA%B2%9F%20%EB%9E%98%EB%B9%97
141,더 아너스트 키친(The Honest Kitchen),구르메 그레인 비프&살몬,DOG,368.60,30.00,15.00,,http://shop1.phinf.naver.net/20231130_5/1701320043788RKzlU_JPEG/16231335605241259_500937151.jpg,https://search.shopping.naver.com/search/all?query=%EB%8D%94%20%EC%95%84%EB%84%88%EC%8A%A4%ED%8A%B8%20%ED%82%A4%EC%B9%9C%20%EA%B5%AC%EB%A5%B4%EB%A9%94%20%EA%B7%B8%EB%A0%88%EC%9D%B8%20%EB%B9%84%ED%94%84%26%EC%82%B4%EB%AA%AC
142,카나4(Carna4),그레인프리 덕,DOG,450.00,29.00,15.00,,https://shop-phinf.pstatic.net/20250411_133/1744364511225ko0sC_PNG/90390353928362220_2099006285.png,https://search.shopping.naver.com/search/all?query=%EC%B9%B4%EB%82%984%20%EA%B7%B8%EB%A0%88%EC%9D%B8%ED%94%84%EB%A6%AC%20%EB%8D%95
143,뉴트리소스(Nutrisource),그레인프리 하이플레인스 셀렉트,DOG,401.10,30.00,18.00,27.00,http://shopping.phinf.naver.net/main_3163593/31635930627.20220406122956.jpg,https://search.shopping.naver.com/search/all?query=%EB%89%B4%ED%8A%B8%EB%A6%AC%EC%86%8C%EC%8A%A4%20%EA%B7%B8%EB%A0%88%EC%9D%B8%ED%94%84%EB%A6%AC%20%ED%95%98%EC%9D%B4%ED%94%8C%EB%A0%88%EC%9D%B8%EC%8A%A4%20%EC%85%80%EB%A0%89%ED%8A%B8
144,로우즈(Rawz),밀프리 살몬 치킨,DOG,373.00,34.00,15.00,22.00,http://shop1.phinf.naver.net/20220731_276/1659252586603CP4Vd_JPEG/60388420409300060_616977530.jpg,https://search.shopping.naver.com/search/all?query=%EB%A1%9C%EC%9A%B0%EC%A6%88%20%EB%B0%80%ED%94%84%EB%A6%AC%20%EC%82%B4%EB%AA%AC%20%EC%B9%98%ED%82%A8
145,릴리스키친(Lily's Kitchen),어덜트 램,DOG,347.00,23.00,9.00,,http://shopping.phinf.naver.net/main_5938783/59387836386.20260325163248.jpg,https://search.shopping.naver.com/search/all?query=%EB%A6%B4%EB%A6%AC%EC%8A%A4%ED%82%A4%EC%B9%9C%28Lily%27s%20Kitchen%29%20%EC%96%B4%EB%8D%9C%ED%8A%B8%20%EB%9E%A8
146,하림펫푸드,더리얼 그레인프리 오븐베이크드,DOG,350.00,28.00,14.00,35.00,https://shop-phinf.pstatic.net/20241204_103/1733272237654uW6Wg_JPEG/35216251440548039_8471334.jpeg,https://search.shopping.naver.com/search/all?query=%ED%95%98%EB%A6%BC%ED%8E%AB%ED%91%B8%EB%93%9C%20%EB%8D%94%EB%A6%AC%EC%96%BC%20%EA%B7%B8%EB%A0%88%EC%9D%B8%ED%94%84%EB%A6%AC%20%EC%98%A4%EB%B8%90%EB%B2%A0%EC%9D%B4%ED%81%AC%EB%93%9C
147,하림펫푸드,밥이보약 DOG,DOG,304.50,21.00,10.00,40.00,http://shop1.phinf.naver.net/20201201_103/1606802421347oWF5K_JPEG/14266946173651623_56986429.jpg,https://search.shopping.naver.com/search/all?query=%ED%95%98%EB%A6%BC%ED%8E%AB%ED%91%B8%EB%93%9C%20%EB%B0%A5%EC%9D%B4%EB%B3%B4%EC%95%BD%20DOG
148,ANF,식스프리플러스,DOG,340.00,28.00,15.00,33.00,http://shopping.phinf.naver.net/main_3967252/39672528618.20231114151301.jpg,https://search.shopping.naver.com/search/all?query=ANF%20%EC%8B%9D%EC%8A%A4%ED%94%84%EB%A6%AC%ED%94%8C%EB%9F%AC%EC%8A%A4
149,윌로펫,뉴트리탑 소프트,DOG,310.00,22.00,9.00,38.00,https://thumbnail10.coupangcdn.com/thumbnails/remote/492x492ex/image/vendor_inventory/419d/07b57aac1b418f5ec1c76e38227181e926ded934084aee462e55cf773001.png,https://search.shopping.naver.com/search/all?query=%EC%9C%8C%EB%A1%9C%ED%8E%AB%20%EB%89%B4%ED%8A%B8%EB%A6%AC%ED%83%91%20%EC%86%8C%ED%94%84%ED%8A%B8
150,로얄캐닌(Royal Canin),사이즈/연령별 맞춤 사료,DOG,,,,,https://thumbnail6.coupangcdn.com/thumbnails/remote/492x492ex/image/vendor_inventory/34be/940b027298cde1daa2b6a9ce719a86bd2d713ba437bdb18546cc73f9cdd1.png,https://search.shopping.naver.com/search/all?query=%EB%A1%9C%EC%96%84%EC%BA%90%EB%8B%8C%20%EC%82%AC%EC%9D%B4%EC%A6%88/%EC%97%B0%EB%A0%B9%EB%B3%84%20%EB%A7%9E%EC%B6%A4%20%EC%82%AC%EB%A3%8C
151,오리젠(ORIJEN),오리지날 캣,CAT,416.00,40.00,20.00,6.00,http://shop1.phinf.naver.net/20260428_191/1777365877172wOVJ8_JPEG/20380455004239084_509730415.jpg,https://search.shopping.naver.com/search/all?query=%EC%98%A4%EB%A6%AC%EC%A0%A0%20%EC%98%A4%EB%A6%AC%EC%A7%80%EB%82%A0%20%EC%BA%A3
152,오리젠(ORIJEN),캣 & 키튼,CAT,416.00,39.00,18.00,7.00,https://photo3.enuri.info/data/images/service/big/136021000/136021685.jpg,https://search.shopping.naver.com/search/all?query=%EC%98%A4%EB%A6%AC%EC%A0%A0%20%EC%BA%A3%20%26%20%ED%82%A4%ED%8A%BC
153,아카나(ACANA),와일드 프레이리 캣,CAT,380.00,36.00,20.00,12.00,https://shop-phinf.pstatic.net/20240627_103/1719484202705ucbLo_JPEG/26785089585305052_645826744.jpg,https://search.shopping.naver.com/search/all?query=%EC%95%84%EC%B9%B4%EB%82%98%20%EC%99%80%EC%9D%BC%EB%93%9C%20%ED%94%84%EB%A0%88%EC%9D%B4%EB%A6%AC%20%EC%BA%A3
154,하림펫푸드,밥이보약 CAT,CAT,300.00,27.00,12.00,38.00,http://shop1.phinf.naver.net/20260421_252/1776750312714ghfyq_PNG/110883244958705744_32996376.png,https://search.shopping.naver.com/search/all?query=%ED%95%98%EB%A6%BC%ED%8E%AB%ED%91%B8%EB%93%9C%20%EB%B0%A5%EC%9D%B4%EB%B3%B4%EC%95%BD%20CAT
155,퓨어비타(PureVita),캣 그레인프리 치킨&완두콩,CAT,352.00,36.00,14.00,22.00,https://ep-cdn.011st.com/11dims/resize/900x900/quality/75/11src/product/9054791006/B.webp?724802130,https://search.shopping.naver.com/search/all?query=%ED%93%A8%EC%96%B4%EB%B9%84%ED%83%80%20%EC%BA%A3%20%EA%B7%B8%EB%A0%88%EC%9D%B8%ED%94%84%EB%A6%AC%20%EC%B9%98%ED%82%A8%26%EC%99%84%EB%91%90%EC%BD%A9
156,뉴트로(NUTRO),내추럴초이스 인도어 어덜트 흰살생선과현미,CAT,340.00,30.00,13.00,34.00,https://thumbnail.coupangcdn.com/thumbnails/remote/492x492ex/image/vendor_inventory/cad5/ebe8add08cb2eb45e312f847f5ce55cb83e039d009c817f4ae2c52af7e24.jpeg,https://search.shopping.naver.com/search/all?query=%EB%89%B4%ED%8A%B8%EB%A1%9C%20%EB%82%B4%EC%B6%94%EB%9F%B4%EC%B4%88%EC%9D%B4%EC%8A%A4%20%EC%9D%B8%EB%8F%84%EC%96%B4%20%EC%96%B4%EB%8D%9C%ED%8A%B8%20%ED%9D%B0%EC%82%B4%EC%83%9D%EC%84%A0%EA%B3%BC%ED%98%84%EB%AF%B8
157,뉴트로(NUTRO),내추럴초이스 체중관리 어덜트 닭고기와현미,CAT,323.00,28.00,11.00,36.00,https://i.pinimg.com/736x/b0/70/9a/b0709a80dc69adc755d2856ca544834f.jpg,https://search.shopping.naver.com/search/all?query=%EB%89%B4%ED%8A%B8%EB%A1%9C%20%EB%82%B4%EC%B6%94%EB%9F%B4%EC%B4%88%EC%9D%B4%EC%8A%A4%20%EC%B2%B4%EC%A4%91%EA%B4%80%EB%A6%AC%20%EC%96%B4%EB%8D%9C%ED%8A%B8%20%EB%8B%AD%EA%B3%A0%EA%B8%B0%EC%99%80%ED%98%84%EB%AF%B8
158,로얄캐닌(Royal Canin),미니 인도어 어덜트,DOG,337.00,25.00,14.00,38.00,https://thumbnail6.coupangcdn.com/thumbnails/remote/492x492ex/image/vendor_inventory/34be/940b027298cde1daa2b6a9ce719a86bd2d713ba437bdb18546cc73f9cdd1.png,https://search.shopping.naver.com/search/all?query=%EB%A1%9C%EC%96%84%EC%BA%90%EB%8B%8C%20%EB%AF%B8%EB%8B%88%20%EC%9D%B8%EB%8F%84%EC%96%B4%20%EC%96%B4%EB%8D%9C%ED%8A%B8
159,로얄캐닌(Royal Canin),캣 인도어,CAT,365.00,27.00,13.00,36.00,http://shop1.phinf.naver.net/20220804_126/1659601557727zFTj3_JPEG/60737385557518767_1231246671.jpg,https://search.shopping.naver.com/search/all?query=%EB%A1%9C%EC%96%84%EC%BA%90%EB%8B%8C%20%EC%BA%A3%20%EC%9D%B8%EB%8F%84%EC%96%B4
160,인섹트업(InsectUp),하이포알러지,DOG,350.00,26.00,14.00,38.00,https://thumbnail.coupangcdn.com/thumbnails/remote/492x492ex/image/vendor_inventory/image_audit/prod/92c48870-d9d5-473b-b48d-b83cbf3a6a94_fixing_v2.png,https://search.shopping.naver.com/search/all?query=%EC%9D%B8%EC%84%B9%ED%8A%B8%EC%97%85%20%ED%95%98%EC%9D%B4%ED%8F%AC%EC%95%8C%EB%9F%AC%EC%A7%80
161,인섹트도그(InsectDog),하이포알러지,DOG,330.00,24.00,12.00,40.00,http://shopping.phinf.naver.net/main_2303504/23035040491.2.20250317113219.jpg,https://search.shopping.naver.com/search/all?query=%EC%9D%B8%EC%84%B9%ED%8A%B8%EB%8F%84%EA%B7%B8%20%ED%95%98%EC%9D%B4%ED%8F%AC%EC%95%8C%EB%9F%AC%EC%A7%80
162,벨포아(Bellfor),홀리스틱 인섹트,DOG,335.00,25.00,13.00,39.00,https://s3.ap-northeast-2.amazonaws.com/storage.b-flow.io/24072564/%EB%B2%A8%ED%8F%AC%EC%95%84%20%EC%8D%B8%EB%84%A4%EC%9D%BC.jpg,https://search.shopping.naver.com/search/all?query=%EB%B2%A8%ED%8F%AC%EC%95%84%20%ED%99%80%EB%A6%AC%EC%8A%A4%ED%8B%B1%20%EC%9D%B8%EC%84%B9%ED%8A%B8
163,웰츠(Wealtz),독 저지방 다이어트,DOG,295.00,28.00,8.00,38.00,http://img.dogpre.com/web/dogpre/product/48/47489_detail_01494397.jpg,https://search.shopping.naver.com/search/all?query=%EC%9B%B0%EC%B8%A0%20%EB%8F%85%20%EC%A0%80%EC%A7%80%EB%B0%A9%20%EB%8B%A4%EC%9D%B4%EC%96%B4%ED%8A%B8
164,뉴트리플랜(Nutriplan),고양이 습식사료 어덜트 참치,CAT,80.00,8.00,4.00,2.00,https://thumbnail.coupangcdn.com/thumbnails/remote/492x492ex/image/vendor_inventory/91b9/e84a5032ca1924e3dec7e7bd7bcd6f7ffff79e73886b724808d0770fbc14.jpg,https://search.shopping.naver.com/search/all?query=%EB%89%B4%ED%8A%B8%EB%A6%AC%ED%94%8C%EB%9E%9C%20%EA%B3%A0%EC%96%91%EC%9D%B4%20%EC%8A%B5%EC%8B%9D%EC%82%AC%EB%A3%8C%20%EC%96%B4%EB%8D%9C%ED%8A%B8%20%EC%B0%B8%EC%B9%98
165,네이처스밸리(Nature's Valley),고양이 그레인프리 어덜트 치킨,CAT,347.00,32.00,12.00,30.00,https://cdn.011st.com/11dims/resize/600x600/quality/75/11src/product/5711131197/A3.jpg?53000000,https://search.shopping.naver.com/search/all?query=%EB%84%A4%EC%9D%B4%EC%B2%98%EC%8A%A4%EB%B0%B8%EB%A6%AC%28Nature%27s%20Valley%29%20%EA%B3%A0%EC%96%91%EC%9D%B4%20%EA%B7%B8%EB%A0%88%EC%9D%B8%ED%94%84%EB%A6%AC%20%EC%96%B4%EB%8D%9C%ED%8A%B8%20%EC%B9%98%ED%82%A8
166,오리젠(ORIJEN),오리지날 독,DOG,394.00,38.00,18.00,21.00,https://img.funnc.com/mobile/dogpre/product/22/21006_detailView_01196301.png,https://search.shopping.naver.com/search/all?query=%EC%98%A4%EB%A6%AC%EC%A0%A0%20%EC%98%A4%EB%A6%AC%EC%A7%80%EB%82%A0%20%EB%8F%85
167,오리젠(ORIJEN),리저널 레드,DOG,386.00,38.00,18.00,22.00,http://shop1.phinf.naver.net/20230728_32/16905262997883kGC5_JPEG/36542883332601361_296439405.jpg,https://search.shopping.naver.com/search/all?query=%EC%98%A4%EB%A6%AC%EC%A0%A0%20%EB%A6%AC%EC%A0%80%EB%84%90%20%EB%A0%88%EB%93%9C
168,오리젠(ORIJEN),스몰브리드 어덜트,DOG,390.00,39.00,18.00,20.00,https://img.funnc.com/mobile/dogpre/product/85/84017_detailView_01716485.png,https://search.shopping.naver.com/search/all?query=%EC%98%A4%EB%A6%AC%EC%A0%A0%20%EC%8A%A4%EB%AA%B0%EB%B8%8C%EB%A6%AC%EB%93%9C%20%EC%96%B4%EB%8D%9C%ED%8A%B8
169,오리젠(ORIJEN),시니어 독,DOG,371.00,38.00,15.00,21.00,https://img.funnc.com/mobile/dogpre/product/21/20417_detailView_01810406.png,https://search.shopping.naver.com/search/all?query=%EC%98%A4%EB%A6%AC%EC%A0%A0%20%EC%8B%9C%EB%8B%88%EC%96%B4%20%EB%8F%85
170,아카나(ACANA),헤리티지 어덜트 치킨앤그린,DOG,378.00,29.00,17.00,38.00,https://img.funnc.com/mobile/dogpre/product/61/60919_detailView_01737904.png,https://search.shopping.naver.com/search/all?query=%EC%95%84%EC%B9%B4%EB%82%98%20%ED%97%A4%EB%A6%AC%ED%8B%B0%EC%A7%80%20%EC%96%B4%EB%8D%9C%ED%8A%B8%20%EC%B9%98%ED%82%A8%EC%95%A4%EA%B7%B8%EB%A6%B0
171,아카나(ACANA),퍼피 스몰브리드,DOG,389.00,31.00,17.00,32.00,https://img.funnc.com/mobile/dogpre/product/48/47477_detailView_01512079.png,https://search.shopping.naver.com/search/all?query=%EC%95%84%EC%B9%B4%EB%82%98%20%ED%8D%BC%ED%94%BC%20%EC%8A%A4%EB%AA%B0%EB%B8%8C%EB%A6%AC%EB%93%9C
172,아카나(ACANA),시니어 독,DOG,335.00,30.00,14.00,30.00,https://img.funnc.com/mobile/dogpre/product/87/86889_detailView_01352459.png,https://search.shopping.naver.com/search/all?query=%EC%95%84%EC%B9%B4%EB%82%98%20%EC%8B%9C%EB%8B%88%EC%96%B4%20%EB%8F%85
173,아카나(ACANA),리저널 레드 미트,DOG,381.00,31.00,17.00,34.00,https://img.dogpre.com/mobile/dogpre/product/49/48464_original_01126653.png,https://search.shopping.naver.com/search/all?query=%EC%95%84%EC%B9%B4%EB%82%98%20%EB%A6%AC%EC%A0%80%EB%84%90%20%EB%A0%88%EB%93%9C%20%EB%AF%B8%ED%8A%B8
174,로얄캐닌(Royal Canin),미니 어덜트,DOG,358.00,26.00,16.00,38.00,https://img.funnc.com/mobile/dogpre/product/45/44723_detailView_01194122.png,https://search.shopping.naver.com/search/all?query=%EB%A1%9C%EC%96%84%EC%BA%90%EB%8B%8C%20%EB%AF%B8%EB%8B%88%20%EC%96%B4%EB%8D%9C%ED%8A%B8
175,로얄캐닌(Royal Canin),미디엄 어덜트,DOG,355.00,26.00,14.00,43.00,https://img.funnc.com/mobile/dogpre/product/45/44729_detailView_01956605.png,https://search.shopping.naver.com/search/all?query=%EB%A1%9C%EC%96%84%EC%BA%90%EB%8B%8C%20%EB%AF%B8%EB%94%94%EC%97%84%20%EC%96%B4%EB%8D%9C%ED%8A%B8
176,로얄캐닌(Royal Canin),맥시 어덜트,DOG,348.00,24.00,14.00,44.00,https://img.funnc.com/mobile/dogpre/product/45/44735_detailView_01932995.png,https://search.shopping.naver.com/search/all?query=%EB%A1%9C%EC%96%84%EC%BA%90%EB%8B%8C%20%EB%A7%A5%EC%8B%9C%20%EC%96%B4%EB%8D%9C%ED%8A%B8
177,로얄캐닌(Royal Canin),미니 퍼피,DOG,373.00,30.00,18.00,34.00,https://img.funnc.com/mobile/dogpre/product/61/60052_detailView_01202607.jpg,https://search.shopping.naver.com/search/all?query=%EB%A1%9C%EC%96%84%EC%BA%90%EB%8B%8C%20%EB%AF%B8%EB%8B%88%20%ED%8D%BC%ED%94%BC
178,로얄캐닌(Royal Canin),미디엄 퍼피,DOG,361.00,29.00,18.00,36.00,https://img.funnc.com/mobile/dogpre/product/45/44723_detailView_01194122.png,https://search.shopping.naver.com/search/all?query=%EB%A1%9C%EC%96%84%EC%BA%90%EB%8B%8C%20%EB%AF%B8%EB%94%94%EC%97%84%20%ED%8D%BC%ED%94%BC
179,로얄캐닌(Royal Canin),맥시 퍼피,DOG,355.00,28.00,16.00,38.00,https://img.funnc.com/mobile/dogpre/product/45/44729_detailView_01956605.png,https://search.shopping.naver.com/search/all?query=%EB%A1%9C%EC%96%84%EC%BA%90%EB%8B%8C%20%EB%A7%A5%EC%8B%9C%20%ED%8D%BC%ED%94%BC
180,로얄캐닌(Royal Canin),맥시 시니어,DOG,327.00,23.00,11.00,42.00,https://img.funnc.com/mobile/dogpre/product/45/44735_detailView_01932995.png,https://search.shopping.naver.com/search/all?query=%EB%A1%9C%EC%96%84%EC%BA%90%EB%8B%8C%20%EB%A7%A5%EC%8B%9C%20%EC%8B%9C%EB%8B%88%EC%96%B4
181,로얄캐닌(Royal Canin),피트 32 어덜트,DOG,360.00,26.00,14.00,42.00,https://img.funnc.com/mobile/dogpre/product/61/60052_detailView_01202607.jpg,https://search.shopping.naver.com/search/all?query=%EB%A1%9C%EC%96%84%EC%BA%90%EB%8B%8C%20%ED%94%BC%ED%8A%B8%2032%20%EC%96%B4%EB%8D%9C%ED%8A%B8
182,로얄캐닌(Royal Canin),키튼,CAT,373.00,34.00,17.00,29.00,https://img.funnc.com/mobile/catpre/product/29/28957_detailView_01068332.jpg,https://search.shopping.naver.com/search/all?query=%EB%A1%9C%EC%96%84%EC%BA%90%EB%8B%8C%20%ED%82%A4%ED%8A%BC
183,로얄캐닌(Royal Canin),어덜트 피트 32,CAT,340.00,30.00,12.00,36.00,https://img.funnc.com/mobile/catpre/product/1/196_detailView_01656405.png,https://search.shopping.naver.com/search/all?query=%EB%A1%9C%EC%96%84%EC%BA%90%EB%8B%8C%20%EC%96%B4%EB%8D%9C%ED%8A%B8%20%ED%94%BC%ED%8A%B8%2032
184,로얄캐닌(Royal Canin),헤어볼케어,CAT,345.00,32.00,13.00,35.00,https://img.funnc.com/mobile/catpre/product/30/29728_detailView_07937435.png,https://search.shopping.naver.com/search/all?query=%EB%A1%9C%EC%96%84%EC%BA%90%EB%8B%8C%20%ED%97%A4%EC%96%B4%EB%B3%BC%EC%BC%80%EC%96%B4
185,로얄캐닌(Royal Canin),스테릴라이즈드 37,CAT,314.00,31.00,9.00,32.00,https://img.funnc.com/mobile/catpre/product/27/26698_detailView_01882015.png,https://search.shopping.naver.com/search/all?query=%EB%A1%9C%EC%96%84%EC%BA%90%EB%8B%8C%20%EC%8A%A4%ED%85%8C%EB%A6%B4%EB%9D%BC%EC%9D%B4%EC%A6%88%EB%93%9C%2037
186,로얄캐닌(Royal Canin),퍼시안 어덜트,CAT,349.00,30.00,13.00,36.00,https://img.funnc.com/mobile/catpre/product/35/34198_detailView_01590216.png,https://search.shopping.naver.com/search/all?query=%EB%A1%9C%EC%96%84%EC%BA%90%EB%8B%8C%20%ED%8D%BC%EC%8B%9C%EC%95%88%20%EC%96%B4%EB%8D%9C%ED%8A%B8
187,힐스(Hill's Science Diet),어덜트 스몰앤미니 치킨앤발리,DOG,365.00,24.00,14.00,54.00,https://img.funnc.com/mobile/dogpre/product/67/66157_detailView_01718251.png,https://search.shopping.naver.com/search/all?query=%ED%9E%90%EC%8A%A4%28Hill%27s%20Science%20Diet%29%20%EC%96%B4%EB%8D%9C%ED%8A%B8%20%EC%8A%A4%EB%AA%B0%EC%95%A4%EB%AF%B8%EB%8B%88%20%EC%B9%98%ED%82%A8%EC%95%A4%EB%B0%9C%EB%A6%AC
188,힐스(Hill's Science Diet),어덜트 라지브리드 치킨앤발리,DOG,335.00,22.00,12.00,46.00,https://img.funnc.com/mobile/dogpre/product/100/99756_detailView_01035578.jpg,https://search.shopping.naver.com/search/all?query=%ED%9E%90%EC%8A%A4%28Hill%27s%20Science%20Diet%29%20%EC%96%B4%EB%8D%9C%ED%8A%B8%20%EB%9D%BC%EC%A7%80%EB%B8%8C%EB%A6%AC%EB%93%9C%20%EC%B9%98%ED%82%A8%EC%95%A4%EB%B0%9C%EB%A6%AC
189,힐스(Hill's Science Diet),퍼피 스몰앤미니 치킨,DOG,381.00,28.00,16.00,40.00,https://img.funnc.com/mobile/dogpre/product/100/99765_detailView_01183317.jpg,https://search.shopping.naver.com/search/all?query=%ED%9E%90%EC%8A%A4%28Hill%27s%20Science%20Diet%29%20%ED%8D%BC%ED%94%BC%20%EC%8A%A4%EB%AA%B0%EC%95%A4%EB%AF%B8%EB%8B%88%20%EC%B9%98%ED%82%A8
190,힐스(Hill's Science Diet),퍼펙트웨이트 스몰앤미니,DOG,303.00,25.00,9.00,37.00,https://img.funnc.com/mobile/dogpre/product/110/109199_detailView_01900165.jpg,https://search.shopping.naver.com/search/all?query=%ED%9E%90%EC%8A%A4%28Hill%27s%20Science%20Diet%29%20%ED%8D%BC%ED%8E%99%ED%8A%B8%EC%9B%A8%EC%9D%B4%ED%8A%B8%20%EC%8A%A4%EB%AA%B0%EC%95%A4%EB%AF%B8%EB%8B%88
191,힐스(Hill's Science Diet),시니어 7+ 스몰앤미니,DOG,312.00,18.00,13.00,45.00,https://img.funnc.com/mobile/dogpre/product/67/66172_detailView_01480872.png,https://search.shopping.naver.com/search/all?query=%ED%9E%90%EC%8A%A4%28Hill%27s%20Science%20Diet%29%20%EC%8B%9C%EB%8B%88%EC%96%B4%207%2B%20%EC%8A%A4%EB%AA%B0%EC%95%A4%EB%AF%B8%EB%8B%88
192,힐스(Hill's Science Diet),인도어 어덜트 캣 치킨,CAT,340.00,34.00,13.00,30.00,https://img.funnc.com/mobile/catpre/product/48/47338_detailView_01115721.jpg,https://search.shopping.naver.com/search/all?query=%ED%9E%90%EC%8A%A4%28Hill%27s%20Science%20Diet%29%20%EC%9D%B8%EB%8F%84%EC%96%B4%20%EC%96%B4%EB%8D%9C%ED%8A%B8%20%EC%BA%A3%20%EC%B9%98%ED%82%A8
193,힐스(Hill's Science Diet),키튼 치킨,CAT,382.00,36.00,18.00,30.00,https://img.funnc.com/mobile/catpre/product/54/53396_detailView_01330882.jpg,https://search.shopping.naver.com/search/all?query=%ED%9E%90%EC%8A%A4%28Hill%27s%20Science%20Diet%29%20%ED%82%A4%ED%8A%BC%20%EC%B9%98%ED%82%A8
194,힐스(Hill's Science Diet),시니어 7+ 어덜트 캣,CAT,342.00,31.00,13.00,32.00,https://img.funnc.com/mobile/catpre/product/48/47339_detailView_01052126.jpg,https://search.shopping.naver.com/search/all?query=%ED%9E%90%EC%8A%A4%28Hill%27s%20Science%20Diet%29%20%EC%8B%9C%EB%8B%88%EC%96%B4%207%2B%20%EC%96%B4%EB%8D%9C%ED%8A%B8%20%EC%BA%A3
195,힐스(Hill's Science Diet),퍼펙트웨이트 어덜트 캣,CAT,299.00,34.00,7.00,28.00,https://img.funnc.com/mobile/catpre/product/48/47443_detailView_01028219.jpg,https://search.shopping.naver.com/search/all?query=%ED%9E%90%EC%8A%A4%28Hill%27s%20Science%20Diet%29%20%ED%8D%BC%ED%8E%99%ED%8A%B8%EC%9B%A8%EC%9D%B4%ED%8A%B8%20%EC%96%B4%EB%8D%9C%ED%8A%B8%20%EC%BA%A3
196,테이스트오브더와일드(Taste of the Wild),하이 프레이리 어덜트 (들소&사슴),DOG,372.00,32.00,18.00,28.00,https://img.danuri.io/catalog-image/444/740/003/2116d78630a44908a6d57340a57c4e3f.jpg,https://search.shopping.naver.com/search/all?query=%ED%85%8C%EC%9D%B4%EC%8A%A4%ED%8A%B8%EC%98%A4%EB%B8%8C%EB%8D%94%EC%99%80%EC%9D%BC%EB%93%9C%20%ED%95%98%EC%9D%B4%20%ED%94%84%EB%A0%88%EC%9D%B4%EB%A6%AC%20%EC%96%B4%EB%8D%9C%ED%8A%B8%20%28%EB%93%A4%EC%86%8C%26%EC%82%AC%EC%8A%B4%29
197,테이스트오브더와일드(Taste of the Wild),퍼시픽 스트림 어덜트 (연어),DOG,362.00,25.00,15.00,32.00,https://img.danuri.io/catalog-image/444/740/003/2116d78630a44908a6d57340a57c4e3f.jpg,https://search.shopping.naver.com/search/all?query=%ED%85%8C%EC%9D%B4%EC%8A%A4%ED%8A%B8%EC%98%A4%EB%B8%8C%EB%8D%94%EC%99%80%EC%9D%BC%EB%93%9C%20%ED%8D%BC%EC%8B%9C%ED%94%BD%20%EC%8A%A4%ED%8A%B8%EB%A6%BC%20%EC%96%B4%EB%8D%9C%ED%8A%B8%20%28%EC%97%B0%EC%96%B4%29
198,테이스트오브더와일드(Taste of the Wild),시에라 마운틴 어덜트 (양),DOG,356.00,25.00,15.00,34.00,https://img.danuri.io/catalog-image/444/740/003/2116d78630a44908a6d57340a57c4e3f.jpg,https://search.shopping.naver.com/search/all?query=%ED%85%8C%EC%9D%B4%EC%8A%A4%ED%8A%B8%EC%98%A4%EB%B8%8C%EB%8D%94%EC%99%80%EC%9D%BC%EB%93%9C%20%EC%8B%9C%EC%97%90%EB%9D%BC%20%EB%A7%88%EC%9A%B4%ED%8B%B4%20%EC%96%B4%EB%8D%9C%ED%8A%B8%20%28%EC%96%91%29
199,테이스트오브더와일드(Taste of the Wild),파인 포레스트 어덜트 (사슴),DOG,364.00,28.00,15.00,29.00,https://img.danuri.io/catalog-image/444/740/003/2116d78630a44908a6d57340a57c4e3f.jpg,https://search.shopping.naver.com/search/all?query=%ED%85%8C%EC%9D%B4%EC%8A%A4%ED%8A%B8%EC%98%A4%EB%B8%8C%EB%8D%94%EC%99%80%EC%9D%BC%EB%93%9C%20%ED%8C%8C%EC%9D%B8%20%ED%8F%AC%EB%A0%88%EC%8A%A4%ED%8A%B8%20%EC%96%B4%EB%8D%9C%ED%8A%B8%20%28%EC%82%AC%EC%8A%B4%29
200,테이스트오브더와일드(Taste of the Wild),로키 마운틴 펠린 (사슴&연어),CAT,363.00,35.00,18.00,17.00,https://img.danuri.io/catalog-image/444/740/003/2116d78630a44908a6d57340a57c4e3f.jpg,https://search.shopping.naver.com/search/all?query=%ED%85%8C%EC%9D%B4%EC%8A%A4%ED%8A%B8%EC%98%A4%EB%B8%8C%EB%8D%94%EC%99%80%EC%9D%BC%EB%93%9C%20%EB%A1%9C%ED%82%A4%20%EB%A7%88%EC%9A%B4%ED%8B%B4%20%ED%8E%A0%EB%A6%B0%20%28%EC%82%AC%EC%8A%B4%26%EC%97%B0%EC%96%B4%29
201,테이스트오브더와일드(Taste of the Wild),캐년 리버 펠린 (송어&연어),CAT,366.00,38.00,18.00,13.00,https://img.danuri.io/catalog-image/444/740/003/2116d78630a44908a6d57340a57c4e3f.jpg,https://search.shopping.naver.com/search/all?query=%ED%85%8C%EC%9D%B4%EC%8A%A4%ED%8A%B8%EC%98%A4%EB%B8%8C%EB%8D%94%EC%99%80%EC%9D%BC%EB%93%9C%20%EC%BA%90%EB%85%84%20%EB%A6%AC%EB%B2%84%20%ED%8E%A0%EB%A6%B0%20%28%EC%86%A1%EC%96%B4%26%EC%97%B0%EC%96%B4%29
202,퓨리나 프로플랜(Purina Pro Plan),어덜트 치킨앤라이스,DOG,369.00,26.00,16.00,40.00,https://www.purinapetcare.co.kr/data/files/thumb1_8fe2686a7113e03380ff8dd86740f0d5.jpg,https://search.shopping.naver.com/search/all?query=%ED%93%A8%EB%A6%AC%EB%82%98%20%ED%94%84%EB%A1%9C%ED%94%8C%EB%9E%9C%20%EC%96%B4%EB%8D%9C%ED%8A%B8%20%EC%B9%98%ED%82%A8%EC%95%A4%EB%9D%BC%EC%9D%B4%EC%8A%A4
203,퓨리나 프로플랜(Purina Pro Plan),퍼피 치킨앤라이스,DOG,385.00,30.00,20.00,38.00,https://www.purinapetcare.co.kr/data/files/thumb1_e31cc86f396fce3a1d4b24ad67394402.jpeg,https://search.shopping.naver.com/search/all?query=%ED%93%A8%EB%A6%AC%EB%82%98%20%ED%94%84%EB%A1%9C%ED%94%8C%EB%9E%9C%20%ED%8D%BC%ED%94%BC%20%EC%B9%98%ED%82%A8%EC%95%A4%EB%9D%BC%EC%9D%B4%EC%8A%A4
204,퓨리나 프로플랜(Purina Pro Plan),시니어 7+ 치킨앤라이스,DOG,333.00,28.00,12.00,37.00,https://www.purinapetcare.co.kr/data/files/thumb1_997a2c95d4abb2d75fc1bf363ca10a5e.png,https://search.shopping.naver.com/search/all?query=%ED%93%A8%EB%A6%AC%EB%82%98%20%ED%94%84%EB%A1%9C%ED%94%8C%EB%9E%9C%20%EC%8B%9C%EB%8B%88%EC%96%B4%207%2B%20%EC%B9%98%ED%82%A8%EC%95%A4%EB%9D%BC%EC%9D%B4%EC%8A%A4
205,퓨리나 프로플랜(Purina Pro Plan),라지브리드 어덜트 치킨앤라이스,DOG,363.00,26.00,14.00,42.00,https://www.purinapetcare.co.kr/data/files/thumb1_997a2c95d4abb2d75fc1bf363ac10a5e.png,https://search.shopping.naver.com/search/all?query=%ED%93%A8%EB%A6%AC%EB%82%98%20%ED%94%84%EB%A1%9C%ED%94%8C%EB%9E%9C%20%EB%9D%BC%EC%A7%80%EB%B8%8C%EB%A6%AC%EB%93%9C%20%EC%96%B4%EB%8D%9C%ED%8A%B8%20%EC%B9%98%ED%82%A8%EC%95%A4%EB%9D%BC%EC%9D%B4%EC%8A%A4
206,퓨리나 프로플랜(Purina Pro Plan),키튼 치킨앤라이스,CAT,399.00,42.00,19.00,27.00,https://www.purinapetcare.co.kr/data/files/thumb1_65b77711dcfec75315e7ebe3725c2a16.png,https://search.shopping.naver.com/search/all?query=%ED%93%A8%EB%A6%AC%EB%82%98%20%ED%94%84%EB%A1%9C%ED%94%8C%EB%9E%9C%20%ED%82%A4%ED%8A%BC%20%EC%B9%98%ED%82%A8%EC%95%A4%EB%9D%BC%EC%9D%B4%EC%8A%A4
207,퓨리나 프로플랜(Purina Pro Plan),어덜트 치킨앤라이스,CAT,387.00,40.00,17.00,31.00,https://www.purinapetcare.co.kr/data/files/thumb1_da32f4b11c6179c6cb04bca2e2cbe3a7.png,https://search.shopping.naver.com/search/all?query=%ED%93%A8%EB%A6%AC%EB%82%98%20%ED%94%84%EB%A1%9C%ED%94%8C%EB%9E%9C%20%EC%96%B4%EB%8D%9C%ED%8A%B8%20%EC%B9%98%ED%82%A8%EC%95%A4%EB%9D%BC%EC%9D%B4%EC%8A%A4
208,퓨리나 프로플랜(Purina Pro Plan),시니어 11+ 치킨앤라이스,CAT,372.00,37.00,13.00,35.00,https://www.purinapetcare.co.kr/data/files/thumb1_196d3bd22c9a6245fc30f0e4635aaa6f.png,https://search.shopping.naver.com/search/all?query=%ED%93%A8%EB%A6%AC%EB%82%98%20%ED%94%84%EB%A1%9C%ED%94%8C%EB%9E%9C%20%EC%8B%9C%EB%8B%88%EC%96%B4%2011%2B%20%EC%B9%98%ED%82%A8%EC%95%A4%EB%9D%BC%EC%9D%B4%EC%8A%A4
209,웰니스(Wellness),CORE 그레인프리 오리지날,DOG,372.00,38.00,18.00,32.00,https://img.danuri.io/catalog-image/218/757/009/97a32228179a4f9bb37817444ef154d5.jpg,https://search.shopping.naver.com/search/all?query=%EC%9B%B0%EB%8B%88%EC%8A%A4%20CORE%20%EA%B7%B8%EB%A0%88%EC%9D%B8%ED%94%84%EB%A6%AC%20%EC%98%A4%EB%A6%AC%EC%A7%80%EB%82%A0
210,웰니스(Wellness),컴플리트헬스 스몰브리드 어덜트,DOG,355.00,26.00,14.00,36.00,https://img.danuri.io/catalog-image/218/757/009/97a32228179a4f9bb37817444ef154d5.jpg,https://search.shopping.naver.com/search/all?query=%EC%9B%B0%EB%8B%88%EC%8A%A4%20%EC%BB%B4%ED%94%8C%EB%A6%AC%ED%8A%B8%ED%97%AC%EC%8A%A4%20%EC%8A%A4%EB%AA%B0%EB%B8%8C%EB%A6%AC%EB%93%9C%20%EC%96%B4%EB%8D%9C%ED%8A%B8
211,웰니스(Wellness),CORE 라이트 어덜트,DOG,340.00,33.00,10.00,36.00,https://img.danuri.io/catalog-image/218/757/009/97a32228179a4f9bb37817444ef154d5.jpg,https://search.shopping.naver.com/search/all?query=%EC%9B%B0%EB%8B%88%EC%8A%A4%20CORE%20%EB%9D%BC%EC%9D%B4%ED%8A%B8%20%EC%96%B4%EB%8D%9C%ED%8A%B8
212,웰니스(Wellness),CORE 그레인프리 인도어 살몬,CAT,336.00,35.00,12.00,27.00,https://img.danuri.io/catalog-image/218/757/009/97a32228179a4f9bb37817444ef154d5.jpg,https://search.shopping.naver.com/search/all?query=%EC%9B%B0%EB%8B%88%EC%8A%A4%20CORE%20%EA%B7%B8%EB%A0%88%EC%9D%B8%ED%94%84%EB%A6%AC%20%EC%9D%B8%EB%8F%84%EC%96%B4%20%EC%82%B4%EB%AA%AC
213,웰니스(Wellness),컴플리트헬스 인도어 어덜트 캣,CAT,333.00,33.00,11.00,29.00,https://img.danuri.io/catalog-image/218/757/009/97a32228179a4f9bb37817444ef154d5.jpg,https://search.shopping.naver.com/search/all?query=%EC%9B%B0%EB%8B%88%EC%8A%A4%20%EC%BB%B4%ED%94%8C%EB%A6%AC%ED%8A%B8%ED%97%AC%EC%8A%A4%20%EC%9D%B8%EB%8F%84%EC%96%B4%20%EC%96%B4%EB%8D%9C%ED%8A%B8%20%EC%BA%A3
214,블루버팔로(Blue Buffalo),라이프프로텍션 미디엄 어덜트,DOG,363.00,26.00,15.00,40.00,https://shop-phinf.pstatic.net/20240928_289/1727498661659P9lwR_JPEG/7074025527832961_440669278.jpg,https://search.shopping.naver.com/search/all?query=%EB%B8%94%EB%A3%A8%EB%B2%84%ED%8C%94%EB%A1%9C%20%EB%9D%BC%EC%9D%B4%ED%94%84%ED%94%84%EB%A1%9C%ED%85%8D%EC%85%98%20%EB%AF%B8%EB%94%94%EC%97%84%20%EC%96%B4%EB%8D%9C%ED%8A%B8
215,블루버팔로(Blue Buffalo),Wilderness 어덜트 치킨,DOG,360.00,34.00,15.00,25.00,https://shop-phinf.pstatic.net/20240928_289/1727498661659P9lwR_JPEG/7074025527832961_440669278.jpg,https://search.shopping.naver.com/search/all?query=%EB%B8%94%EB%A3%A8%EB%B2%84%ED%8C%94%EB%A1%9C%20Wilderness%20%EC%96%B4%EB%8D%9C%ED%8A%B8%20%EC%B9%98%ED%82%A8
216,블루버팔로(Blue Buffalo),라이프프로텍션 퍼피 스몰브리드,DOG,371.00,26.00,14.00,39.00,https://shop-phinf.pstatic.net/20240928_289/1727498661659P9lwR_JPEG/7074025527832961_440669278.jpg,https://search.shopping.naver.com/search/all?query=%EB%B8%94%EB%A3%A8%EB%B2%84%ED%8C%94%EB%A1%9C%20%EB%9D%BC%EC%9D%B4%ED%94%84%ED%94%84%EB%A1%9C%ED%85%8D%EC%85%98%20%ED%8D%BC%ED%94%BC%20%EC%8A%A4%EB%AA%B0%EB%B8%8C%EB%A6%AC%EB%93%9C
217,블루버팔로(Blue Buffalo),Wilderness 어덜트 살몬 캣,CAT,366.00,40.00,18.00,14.00,https://shop-phinf.pstatic.net/20240928_289/1727498661659P9lwR_JPEG/7074025527832961_440669278.jpg,https://search.shopping.naver.com/search/all?query=%EB%B8%94%EB%A3%A8%EB%B2%84%ED%8C%94%EB%A1%9C%20Wilderness%20%EC%96%B4%EB%8D%9C%ED%8A%B8%20%EC%82%B4%EB%AA%AC%20%EC%BA%A3
218,블루버팔로(Blue Buffalo),BLUE 인도어 어덜트 살몬,CAT,347.00,32.00,12.00,29.00,https://shop-phinf.pstatic.net/20240928_289/1727498661659P9lwR_JPEG/7074025527832961_440669278.jpg,https://search.shopping.naver.com/search/all?query=%EB%B8%94%EB%A3%A8%EB%B2%84%ED%8C%94%EB%A1%9C%20BLUE%20%EC%9D%B8%EB%8F%84%EC%96%B4%20%EC%96%B4%EB%8D%9C%ED%8A%B8%20%EC%82%B4%EB%AA%AC
219,브릿(Brit Care),그레인프리 어덜트 치킨,DOG,360.00,28.00,15.00,32.00,https://ecimg.cafe24img.com/pg1125b29163668076/tpkkor/web/product/medium/20250811/b9093b08700e32d8bbfcd0e9eb4ebc7c.jpg,https://search.shopping.naver.com/search/all?query=%EB%B8%8C%EB%A6%BF%20%EA%B7%B8%EB%A0%88%EC%9D%B8%ED%94%84%EB%A6%AC%20%EC%96%B4%EB%8D%9C%ED%8A%B8%20%EC%B9%98%ED%82%A8
220,브릿(Brit Care),그레인프리 퍼피 치킨,DOG,372.00,30.00,16.00,30.00,https://ecimg.cafe24img.com/pg1125b29163668076/tpkkor/web/product/medium/20250811/b9093b08700e32d8bbfcd0e9eb4ebc7c.jpg,https://search.shopping.naver.com/search/all?query=%EB%B8%8C%EB%A6%BF%20%EA%B7%B8%EB%A0%88%EC%9D%B8%ED%94%84%EB%A6%AC%20%ED%8D%BC%ED%94%BC%20%EC%B9%98%ED%82%A8
221,브릿(Brit Care),어덜트 미디엄브리드 살몬앤오션피쉬,DOG,355.00,27.00,14.00,33.00,https://ecimg.cafe24img.com/pg1125b29163668076/tpkkor/web/product/medium/20250811/b9093b08700e32d8bbfcd0e9eb4ebc7c.jpg,https://search.shopping.naver.com/search/all?query=%EB%B8%8C%EB%A6%BF%20%EC%96%B4%EB%8D%9C%ED%8A%B8%20%EB%AF%B8%EB%94%94%EC%97%84%EB%B8%8C%EB%A6%AC%EB%93%9C%20%EC%82%B4%EB%AA%AC%EC%95%A4%EC%98%A4%EC%85%98%ED%94%BC%EC%89%AC
222,파리나(Farmina),N&D 그레인프리 치킨&포메그래닛 어덜트 M&L,DOG,375.00,34.00,18.00,26.00,https://ak-d.tripcdn.com/images/0225b12000lbuqky2016B_R_960_660_R5_D.jpg,https://search.shopping.naver.com/search/all?query=%ED%8C%8C%EB%A6%AC%EB%82%98%20N%26D%20%EA%B7%B8%EB%A0%88%EC%9D%B8%ED%94%84%EB%A6%AC%20%EC%B9%98%ED%82%A8%26%ED%8F%AC%EB%A9%94%EA%B7%B8%EB%9E%98%EB%8B%9B%20%EC%96%B4%EB%8D%9C%ED%8A%B8%20M%26L
223,파리나(Farmina),N&D 그레인프리 치킨&포메그래닛 퍼피 M&L,DOG,380.00,35.00,19.00,24.00,https://ak-d.tripcdn.com/images/0225b12000lbuqky2016B_R_960_660_R5_D.jpg,https://search.shopping.naver.com/search/all?query=%ED%8C%8C%EB%A6%AC%EB%82%98%20N%26D%20%EA%B7%B8%EB%A0%88%EC%9D%B8%ED%94%84%EB%A6%AC%20%EC%B9%98%ED%82%A8%26%ED%8F%AC%EB%A9%94%EA%B7%B8%EB%9E%98%EB%8B%9B%20%ED%8D%BC%ED%94%BC%20M%26L
224,파리나(Farmina),N&D 그레인프리 램&블루베리 어덜트,DOG,372.00,31.00,17.00,30.00,https://ak-d.tripcdn.com/images/0225b12000lbuqky2016B_R_960_660_R5_D.jpg,https://search.shopping.naver.com/search/all?query=%ED%8C%8C%EB%A6%AC%EB%82%98%20N%26D%20%EA%B7%B8%EB%A0%88%EC%9D%B8%ED%94%84%EB%A6%AC%20%EB%9E%A8%26%EB%B8%94%EB%A3%A8%EB%B2%A0%EB%A6%AC%20%EC%96%B4%EB%8D%9C%ED%8A%B8
225,파리나(Farmina),N&D 그레인프리 치킨&포메그래닛 키튼,CAT,395.00,40.00,20.00,19.00,https://farmina.co.kr/_upload/product/s_img/NDGF_cat_Adu_CHIC.png,https://search.shopping.naver.com/search/all?query=%ED%8C%8C%EB%A6%AC%EB%82%98%20N%26D%20%EA%B7%B8%EB%A0%88%EC%9D%B8%ED%94%84%EB%A6%AC%20%EC%B9%98%ED%82%A8%26%ED%8F%AC%EB%A9%94%EA%B7%B8%EB%9E%98%EB%8B%9B%20%ED%82%A4%ED%8A%BC
226,파리나(Farmina),N&D 그레인프리 치킨&포메그래닛 어덜트 캣,CAT,388.00,38.00,18.00,22.00,https://farmina.co.kr/_upload/product/s_img/NDGF_cat_Adu_CHIC.png,https://search.shopping.naver.com/search/all?query=%ED%8C%8C%EB%A6%AC%EB%82%98%20N%26D%20%EA%B7%B8%EB%A0%88%EC%9D%B8%ED%94%84%EB%A6%AC%20%EC%B9%98%ED%82%A8%26%ED%8F%AC%EB%A9%94%EA%B7%B8%EB%9E%98%EB%8B%9B%20%EC%96%B4%EB%8D%9C%ED%8A%B8%20%EC%BA%A3
227,K9 내추럴,비프 피스트 프리즈드라이드,DOG,505.00,42.00,35.00,3.00,https://img.danuri.io/catalog-image/552/461/096/d9d16f75542940ea8a7987ad6ab01594.jpg,https://search.shopping.naver.com/search/all?query=K9%20%EB%82%B4%EC%B6%94%EB%9F%B4%20%EB%B9%84%ED%94%84%20%ED%94%BC%EC%8A%A4%ED%8A%B8%20%ED%94%84%EB%A6%AC%EC%A6%88%EB%93%9C%EB%9D%BC%EC%9D%B4%EB%93%9C
228,프리멀(Primal),프리즈드라이드 로우너겟 치킨,DOG,476.00,57.00,22.00,6.00,http://shop1.phinf.naver.net/20180201_68/doristar52_1517454932255i92EV_JPEG/40761232776245955_1883485064.jpg,https://search.shopping.naver.com/search/all?query=%ED%94%84%EB%A6%AC%EB%A9%80%20%ED%94%84%EB%A6%AC%EC%A6%88%EB%93%9C%EB%9D%BC%EC%9D%B4%EB%93%9C%20%EB%A1%9C%EC%9A%B0%EB%84%88%EA%B2%9F%20%EC%B9%98%ED%82%A8
229,나우(NOW FRESH),어덜트 스몰브리드 그레인프리,DOG,351.00,25.00,10.00,42.00,https://img.funnc.com/mobile/dogpre/product/34/33998_detailView_01722806.png,https://search.shopping.naver.com/search/all?query=%EB%82%98%EC%9A%B0%20%EC%96%B4%EB%8D%9C%ED%8A%B8%20%EC%8A%A4%EB%AA%B0%EB%B8%8C%EB%A6%AC%EB%93%9C%20%EA%B7%B8%EB%A0%88%EC%9D%B8%ED%94%84%EB%A6%AC
230,나우(NOW FRESH),퍼피 스몰브리드 그레인프리,DOG,360.00,28.00,12.00,38.00,https://img.funnc.com/mobile/dogpre/product/34/33998_detailView_01722806.png,https://search.shopping.naver.com/search/all?query=%EB%82%98%EC%9A%B0%20%ED%8D%BC%ED%94%BC%20%EC%8A%A4%EB%AA%B0%EB%B8%8C%EB%A6%AC%EB%93%9C%20%EA%B7%B8%EB%A0%88%EC%9D%B8%ED%94%84%EB%A6%AC
231,ANF,6프리 어덜트 치킨&살몬,DOG,357.00,28.00,14.00,33.00,http://shopping.phinf.naver.net/main_3967252/39672528618.20231114151301.jpg,https://search.shopping.naver.com/search/all?query=ANF%206%ED%94%84%EB%A6%AC%20%EC%96%B4%EB%8D%9C%ED%8A%B8%20%EC%B9%98%ED%82%A8%26%EC%82%B4%EB%AA%AC
232,하림펫푸드,더리얼 퍼피,DOG,355.00,28.00,15.00,38.00,https://img.funnc.com/mobile/dogpre/product/76/75163_detailView_01357265.png,https://search.shopping.naver.com/search/all?query=%ED%95%98%EB%A6%BC%ED%8E%AB%ED%91%B8%EB%93%9C%20%EB%8D%94%EB%A6%AC%EC%96%BC%20%ED%8D%BC%ED%94%BC
233,하림펫푸드,더리얼 그레인프리 오븐베이크드 캣,CAT,350.00,35.00,15.00,22.00,https://img.funnc.com/mobile/catpre/product/35/34822_detailView_01797425.png,https://search.shopping.naver.com/search/all?query=%ED%95%98%EB%A6%BC%ED%8E%AB%ED%91%B8%EB%93%9C%20%EB%8D%94%EB%A6%AC%EC%96%BC%20%EA%B7%B8%EB%A0%88%EC%9D%B8%ED%94%84%EB%A6%AC%20%EC%98%A4%EB%B8%90%EB%B2%A0%EC%9D%B4%ED%81%AC%EB%93%9C%20%EC%BA%A3
234,지위픽(ZIWI PEAK),비프 에어드라이드,DOG,428.00,34.00,27.00,0.50,http://shop1.phinf.naver.net/20191209_20/1575880369745S1rF1_PNG/13243758277924130_984793435.png,https://search.shopping.naver.com/search/all?query=%EC%A7%80%EC%9C%84%ED%94%BD%20%EB%B9%84%ED%94%84%20%EC%97%90%EC%96%B4%EB%93%9C%EB%9D%BC%EC%9D%B4%EB%93%9C
235,지위픽(ZIWI PEAK),램 에어드라이드,DOG,426.00,33.00,27.00,0.50,http://image.g9.co.kr/g/1467894998/n,https://search.shopping.naver.com/search/all?query=%EC%A7%80%EC%9C%84%ED%94%BD%20%EB%9E%A8%20%EC%97%90%EC%96%B4%EB%93%9C%EB%9D%BC%EC%9D%B4%EB%93%9C
236,뉴트로(NUTRO),내추럴초이스 어덜트 치킨앤라이스 스몰브리드,DOG,350.00,24.00,13.00,41.00,https://thumbnail.coupangcdn.com/thumbnails/remote/492x492ex/image/vendor_inventory/cad5/ebe8add08cb2eb45e312f847f5ce55cb83e039d009c817f4ae2c52af7e24.jpeg,https://search.shopping.naver.com/search/all?query=%EB%89%B4%ED%8A%B8%EB%A1%9C%20%EB%82%B4%EC%B6%94%EB%9F%B4%EC%B4%88%EC%9D%B4%EC%8A%A4%20%EC%96%B4%EB%8D%9C%ED%8A%B8%20%EC%B9%98%ED%82%A8%EC%95%A4%EB%9D%BC%EC%9D%B4%EC%8A%A4%20%EC%8A%A4%EB%AA%B0%EB%B8%8C%EB%A6%AC%EB%93%9C
237,뉴트로(NUTRO),내추럴초이스 라지브리드 어덜트 치킨앤라이스,DOG,345.00,23.00,12.00,43.00,https://i.pinimg.com/736x/b0/70/9a/b0709a80dc69adc755d2856ca544834f.jpg,https://search.shopping.naver.com/search/all?query=%EB%89%B4%ED%8A%B8%EB%A1%9C%20%EB%82%B4%EC%B6%94%EB%9F%B4%EC%B4%88%EC%9D%B4%EC%8A%A4%20%EB%9D%BC%EC%A7%80%EB%B8%8C%EB%A6%AC%EB%93%9C%20%EC%96%B4%EB%8D%9C%ED%8A%B8%20%EC%B9%98%ED%82%A8%EC%95%A4%EB%9D%BC%EC%9D%B4%EC%8A%A4
238,더 아너스트 키친(The Honest Kitchen),프루드 그레인프리 터키,DOG,363.00,35.00,15.00,30.00,http://shop1.phinf.naver.net/20231130_5/1701320043788RKzlU_JPEG/16231335605241259_500937151.jpg,https://search.shopping.naver.com/search/all?query=%EB%8D%94%20%EC%95%84%EB%84%88%EC%8A%A4%ED%8A%B8%20%ED%82%A4%EC%B9%9C%20%ED%94%84%EB%A3%A8%EB%93%9C%20%EA%B7%B8%EB%A0%88%EC%9D%B8%ED%94%84%EB%A6%AC%20%ED%84%B0%ED%82%A4
239,카나4(Carna4),그레인프리 치킨,DOG,449.00,28.00,15.00,20.00,https://shop-phinf.pstatic.net/20250411_133/1744364511225ko0sC_PNG/90390353928362220_2099006285.png,https://search.shopping.naver.com/search/all?query=%EC%B9%B4%EB%82%984%20%EA%B7%B8%EB%A0%88%EC%9D%B8%ED%94%84%EB%A6%AC%20%EC%B9%98%ED%82%A8
240,뉴트리소스(Nutrisource),퓨어 비탈리티 치킨 어덜트,DOG,395.00,28.00,16.00,33.00,http://shopping.phinf.naver.net/main_3163593/31635930627.20220406122956.jpg,https://search.shopping.naver.com/search/all?query=%EB%89%B4%ED%8A%B8%EB%A6%AC%EC%86%8C%EC%8A%A4%20%ED%93%A8%EC%96%B4%20%EB%B9%84%ED%83%88%EB%A6%AC%ED%8B%B0%20%EC%B9%98%ED%82%A8%20%EC%96%B4%EB%8D%9C%ED%8A%B8
241,로우즈(Rawz),밀프리 비프 독,DOG,374.00,36.00,15.00,20.00,http://shop1.phinf.naver.net/20220731_276/1659252586603CP4Vd_JPEG/60388420409300060_616977530.jpg,https://search.shopping.naver.com/search/all?query=%EB%A1%9C%EC%9A%B0%EC%A6%88%20%EB%B0%80%ED%94%84%EB%A6%AC%20%EB%B9%84%ED%94%84%20%EB%8F%85
242,릴리스키친(Lily's Kitchen),퍼피 치킨앤오트밀,DOG,365.00,25.00,10.00,40.00,http://shopping.phinf.naver.net/main_5938783/59387836386.20260325163248.jpg,https://search.shopping.naver.com/search/all?query=%EB%A6%B4%EB%A6%AC%EC%8A%A4%ED%82%A4%EC%B9%9C%28Lily%27s%20Kitchen%29%20%ED%8D%BC%ED%94%BC%20%EC%B9%98%ED%82%A8%EC%95%A4%EC%98%A4%ED%8A%B8%EB%B0%80
243,벨포아(Bellfor),홀리스틱 가금류,DOG,330.00,27.00,14.00,32.00,https://s3.ap-northeast-2.amazonaws.com/storage.b-flow.io/24072564/%EB%B2%A8%ED%8F%AC%EC%95%84%20%EC%8D%B8%EB%84%A4%EC%9D%BC.jpg,https://search.shopping.naver.com/search/all?query=%EB%B2%A8%ED%8F%AC%EC%95%84%20%ED%99%80%EB%A6%AC%EC%8A%A4%ED%8B%B1%20%EA%B0%80%EA%B8%88%EB%A5%98
244,웰츠(Wealtz),독 퍼피,DOG,368.00,30.00,15.00,36.00,http://img.dogpre.com/web/dogpre/product/48/47489_detail_01494397.jpg,https://search.shopping.naver.com/search/all?query=%EC%9B%B0%EC%B8%A0%20%EB%8F%85%20%ED%8D%BC%ED%94%BC
245,퓨어비타(PureVita),캣 그레인프리 연어&완두콩,CAT,370.00,38.00,16.00,12.00,https://ep-cdn.011st.com/11dims/resize/900x900/quality/75/11src/product/9054791006/B.webp?724802130,https://search.shopping.naver.com/search/all?query=%ED%93%A8%EC%96%B4%EB%B9%84%ED%83%80%20%EC%BA%A3%20%EA%B7%B8%EB%A0%88%EC%9D%B8%ED%94%84%EB%A6%AC%20%EC%97%B0%EC%96%B4%26%EC%99%84%EB%91%90%EC%BD%A9
246,내추럴발란스(Natural Balance),어덜트 치킨앤브라운라이스 미디엄 독,DOG,346.00,23.00,12.00,41.00,https://img.funnc.com/mobile/dogpre/product/80/79642_detailView_01807059.png,https://search.shopping.naver.com/search/all?query=%EB%82%B4%EC%B6%94%EB%9F%B4%EB%B0%9C%EB%9E%80%EC%8A%A4%20%EC%96%B4%EB%8D%9C%ED%8A%B8%20%EC%B9%98%ED%82%A8%EC%95%A4%EB%B8%8C%EB%9D%BC%EC%9A%B4%EB%9D%BC%EC%9D%B4%EC%8A%A4%20%EB%AF%B8%EB%94%94%EC%97%84%20%EB%8F%85
247,내추럴발란스(Natural Balance),어덜트 살몬앤브라운라이스 캣,CAT,355.00,32.00,12.00,31.00,https://img.funnc.com/mobile/dogpre/product/80/79642_detailView_01807059.png,https://search.shopping.naver.com/search/all?query=%EB%82%B4%EC%B6%94%EB%9F%B4%EB%B0%9C%EB%9E%80%EC%8A%A4%20%EC%96%B4%EB%8D%9C%ED%8A%B8%20%EC%82%B4%EB%AA%AC%EC%95%A4%EB%B8%8C%EB%9D%BC%EC%9A%B4%EB%9D%BC%EC%9D%B4%EC%8A%A4%20%EC%BA%A3
248,메릭(Merrick),그레인프리 텍사스 스타일 바베큐,DOG,373.00,35.00,16.00,29.00,https://img.danuri.io/catalog-image/864/517/005/4a55b6902642498bb4245e08bb502252.jpg,https://search.shopping.naver.com/search/all?query=%EB%A9%94%EB%A6%AD%20%EA%B7%B8%EB%A0%88%EC%9D%B8%ED%94%84%EB%A6%AC%20%ED%85%8D%EC%82%AC%EC%8A%A4%20%EC%8A%A4%ED%83%80%EC%9D%BC%20%EB%B0%94%EB%B2%A0%ED%81%90
249,메릭(Merrick),클래식 그레인프리 리얼 치킨앤스위트포테이토,DOG,367.00,30.00,14.00,35.00,https://img.danuri.io/catalog-image/864/517/005/4a55b6902642498bb4245e08bb502252.jpg,https://search.shopping.naver.com/search/all?query=%EB%A9%94%EB%A6%AD%20%ED%81%B4%EB%9E%98%EC%8B%9D%20%EA%B7%B8%EB%A0%88%EC%9D%B8%ED%94%84%EB%A6%AC%20%EB%A6%AC%EC%96%BC%20%EC%B9%98%ED%82%A8%EC%95%A4%EC%8A%A4%EC%9C%84%ED%8A%B8%ED%8F%AC%ED%85%8C%EC%9D%B4%ED%86%A0
250,메릭(Merrick),그레인프리 퓨어 비스트로 치킨 캣,CAT,370.00,38.00,15.00,20.00,https://img.danuri.io/catalog-image/864/517/005/4a55b6902642498bb4245e08bb502252.jpg,https://search.shopping.naver.com/search/all?query=%EB%A9%94%EB%A6%AD%20%EA%B7%B8%EB%A0%88%EC%9D%B8%ED%94%84%EB%A6%AC%20%ED%93%A8%EC%96%B4%20%EB%B9%84%EC%8A%A4%ED%8A%B8%EB%A1%9C%20%EC%B9%98%ED%82%A8%20%EC%BA%A3
251,아이암스(Iams),어덜트 치킨 스몰앤미디엄브리드,DOG,362.00,27.00,15.00,38.00,https://cdn.dailyvet.co.kr/wp-content/uploads/2024/07/02195757/20240702mars_iams.jpg,https://search.shopping.naver.com/search/all?query=%EC%95%84%EC%9D%B4%EC%95%94%EC%8A%A4%20%EC%96%B4%EB%8D%9C%ED%8A%B8%20%EC%B9%98%ED%82%A8%20%EC%8A%A4%EB%AA%B0%EC%95%A4%EB%AF%B8%EB%94%94%EC%97%84%EB%B8%8C%EB%A6%AC%EB%93%9C
252,아이암스(Iams),퍼피 치킨 스몰앤미디엄브리드,DOG,372.00,28.00,16.00,37.00,https://cdn.dailyvet.co.kr/wp-content/uploads/2024/07/02195757/20240702mars_iams.jpg,https://search.shopping.naver.com/search/all?query=%EC%95%84%EC%9D%B4%EC%95%94%EC%8A%A4%20%ED%8D%BC%ED%94%BC%20%EC%B9%98%ED%82%A8%20%EC%8A%A4%EB%AA%B0%EC%95%A4%EB%AF%B8%EB%94%94%EC%97%84%EB%B8%8C%EB%A6%AC%EB%93%9C
253,퓨리나 원(Purina ONE),어덜트 치킨앤라이스 독,DOG,362.00,30.00,15.00,38.00,https://www.purinapetcare.co.kr/data/files/thumb1_8fe2686a7113e03380ff8dd86740f0d5.jpg,https://search.shopping.naver.com/search/all?query=%ED%93%A8%EB%A6%AC%EB%82%98%20%EC%9B%90%20%EC%96%B4%EB%8D%9C%ED%8A%B8%20%EC%B9%98%ED%82%A8%EC%95%A4%EB%9D%BC%EC%9D%B4%EC%8A%A4%20%EB%8F%85
254,퓨리나 원(Purina ONE),인도어 어덜트 참치앤라이스 캣,CAT,371.00,34.00,13.00,36.00,http://www.purinapetcare.co.kr/data/files/0e4d95e2578dc34f6a6aa5c935ae2788.png,https://search.shopping.naver.com/search/all?query=%ED%93%A8%EB%A6%AC%EB%82%98%20%EC%9B%90%20%EC%9D%B8%EB%8F%84%EC%96%B4%20%EC%96%B4%EB%8D%9C%ED%8A%B8%20%EC%B0%B8%EC%B9%98%EC%95%A4%EB%9D%BC%EC%9D%B4%EC%8A%A4%20%EC%BA%A3
255,어스본 홀리스틱(Earthborn Holistic),시갈 베이 (살몬&허링),DOG,343.00,25.00,13.00,37.00,https://img.danuri.io/catalog-image/750/555/007/bff3c181bdf04050affb4ac04118cf61.jpg,https://search.shopping.naver.com/search/all?query=%EC%96%B4%EC%8A%A4%EB%B3%B8%20%ED%99%80%EB%A6%AC%EC%8A%A4%ED%8B%B1%20%EC%8B%9C%EA%B0%88%20%EB%B2%A0%EC%9D%B4%20%28%EC%82%B4%EB%AA%AC%26%ED%97%88%EB%A7%81%29
256,어스본 홀리스틱(Earthborn Holistic),그레이트 플레인스 피스트 (들소&램),DOG,360.00,28.00,14.00,35.00,https://img.danuri.io/catalog-image/750/555/007/bff3c181bdf04050affb4ac04118cf61.jpg,https://search.shopping.naver.com/search/all?query=%EC%96%B4%EC%8A%A4%EB%B3%B8%20%ED%99%80%EB%A6%AC%EC%8A%A4%ED%8B%B1%20%EA%B7%B8%EB%A0%88%EC%9D%B4%ED%8A%B8%20%ED%94%8C%EB%A0%88%EC%9D%B8%EC%8A%A4%20%ED%94%BC%EC%8A%A4%ED%8A%B8%20%28%EB%93%A4%EC%86%8C%26%EB%9E%A8%29
257,ANF,6프리 캣 치킨,CAT,360.00,38.00,16.00,12.00,http://shopping.phinf.naver.net/main_3967252/39672528618.20231114151301.jpg,https://search.shopping.naver.com/search/all?query=ANF%206%ED%94%84%EB%A6%AC%20%EC%BA%A3%20%EC%B9%98%ED%82%A8
258,웰니스(Wellness),CORE 키튼 그레인프리,CAT,395.00,40.00,19.00,26.00,https://img.danuri.io/catalog-image/218/757/009/97a32228179a4f9bb37817444ef154d5.jpg,https://search.shopping.naver.com/search/all?query=%EC%9B%B0%EB%8B%88%EC%8A%A4%20CORE%20%ED%82%A4%ED%8A%BC%20%EA%B7%B8%EB%A0%88%EC%9D%B8%ED%94%84%EB%A6%AC
259,아카나(ACANA),퍼스트 피테 어덜트 캣,CAT,345.00,33.00,16.00,20.00,https://img.funnc.com/mobile/catpre/product/39/38448_detailView_01922089.png,https://search.shopping.naver.com/search/all?query=%EC%95%84%EC%B9%B4%EB%82%98%20%ED%8D%BC%EC%8A%A4%ED%8A%B8%20%ED%94%BC%ED%85%8C%20%EC%96%B4%EB%8D%9C%ED%8A%B8%20%EC%BA%A3
260,탐사,6프리 어덜트 연어 독,DOG,345.00,24.00,12.00,42.00,https://thumbnail7.coupangcdn.com/thumbnails/remote/492x492ex/image/retail/images/2402108393469457-b145d68f-574f-4aae-93c6-744f272a058a.jpg,https://search.shopping.naver.com/search/all?query=%ED%83%90%EC%82%AC%206%ED%94%84%EB%A6%AC%20%EC%96%B4%EB%8D%9C%ED%8A%B8%20%EC%97%B0%EC%96%B4%20%EB%8F%85
261,탐사,6프리 어덜트 치킨 독,DOG,350.00,25.00,12.00,41.00,https://img.danuri.io/catalog-image/390/180/014/ceeef6a7171f4582a27a5f9a8b0a7430.jpg,https://search.shopping.naver.com/search/all?query=%ED%83%90%EC%82%AC%206%ED%94%84%EB%A6%AC%20%EC%96%B4%EB%8D%9C%ED%8A%B8%20%EC%B9%98%ED%82%A8%20%EB%8F%85
262,닥터도비,힙앤조인트 관절건강 어덜트 독,DOG,338.00,23.00,13.00,40.00,https://cdn.011st.com/11dims/resize/600x600/quality/75/11src/product/1689523438/B.webp?999433147,https://search.shopping.naver.com/search/all?query=%EB%8B%A5%ED%84%B0%EB%8F%84%EB%B9%84%20%ED%9E%99%EC%95%A4%EC%A1%B0%EC%9D%B8%ED%8A%B8%20%EA%B4%80%EC%A0%88%EA%B1%B4%EA%B0%95%20%EC%96%B4%EB%8D%9C%ED%8A%B8%20%EB%8F%85
263,로반,잘먹잘싸 전연령 독,DOG,328.00,22.00,11.00,42.00,https://img.funnc.com/mobile/dogpre/product/98/97534_detailView_01613994.png,https://search.shopping.naver.com/search/all?query=%EB%A1%9C%EB%B0%98%20%EC%9E%98%EB%A8%B9%EC%9E%98%EC%8B%B8%20%EC%A0%84%EC%97%B0%EB%A0%B9%20%EB%8F%85
264,건강백서,전연령 생선 독,DOG,335.00,23.00,12.00,40.00,https://img.funnc.com/mobile/dogpre/product/37/36251_detailView_01066210.png,https://search.shopping.naver.com/search/all?query=%EA%B1%B4%EA%B0%95%EB%B0%B1%EC%84%9C%20%EC%A0%84%EC%97%B0%EB%A0%B9%20%EC%83%9D%EC%84%A0%20%EB%8F%85
